idGroup|idProyecto|idMilestone|descMilestone|titleMilestone|createAtMilestone|updateAtMilestone|startDateMilestone|dueDateMilestone|stateMilestone|idIssue|titleIssue|stateIssue
1008|301|1063||Sprint4|2019-09-26T16:42:12.837Z|2019-09-26T16:42:12.837Z|2019-11-25|2019-12-01|active|||
1008|301|1062||Sprint3|2019-09-26T16:42:12.677Z|2019-09-26T16:42:12.677Z|2019-11-18|2019-11-24|active|||
1008|301|1061||Sprint2|2019-09-26T16:42:12.507Z|2019-09-26T16:42:12.507Z|2019-11-11|2019-11-17|active|||
1008|301|1060||Sprint1|2019-09-26T16:42:12.318Z|2019-09-26T16:42:12.318Z|2019-11-04|2019-11-10|active|||
1008|300|1059||Sprint5|2019-09-26T16:42:10.375Z|2019-11-03T19:35:05.034Z|2019-10-28|2019-11-03|closed|2922|Hacer un par de casos de prueba|closed
1008|300|1059||Sprint5|2019-09-26T16:42:10.375Z|2019-11-03T19:35:05.034Z|2019-10-28|2019-11-03|closed|2921|Hacer más archivos de noticias|closed
1008|300|1059||Sprint5|2019-09-26T16:42:10.375Z|2019-11-03T19:35:05.034Z|2019-10-28|2019-11-03|closed|2920|Hacer Readme|closed
1008|300|1059||Sprint5|2019-09-26T16:42:10.375Z|2019-11-03T19:35:05.034Z|2019-10-28|2019-11-03|closed|2919|Arreglar Makefile|closed
1008|300|1059||Sprint5|2019-09-26T16:42:10.375Z|2019-11-03T19:35:05.034Z|2019-10-28|2019-11-03|closed|2917|Meeting Sprint 5|closed
1008|300|1058||Sprint4|2019-09-26T16:42:10.190Z|2019-10-29T19:33:07.149Z|2019-10-21|2019-10-27|closed|2839|Terminar de poner los menús bonitos (fechafin)|closed
1008|300|1058||Sprint4|2019-09-26T16:42:10.190Z|2019-10-29T19:33:07.149Z|2019-10-21|2019-10-27|closed|2838|Cambiar la forma de leer las keywords y guardar el contenido en un ArrayList|closed
1008|300|1058||Sprint4|2019-09-26T16:42:10.190Z|2019-10-29T19:33:07.149Z|2019-10-21|2019-10-27|closed|2837|Meeting Sprint 4|closed
1008|300|1058||Sprint4|2019-09-26T16:42:10.190Z|2019-10-29T19:33:07.149Z|2019-10-21|2019-10-27|closed|2812|Clase Noticia, falta categoría|closed
1008|300|1058||Sprint4|2019-09-26T16:42:10.190Z|2019-10-29T19:33:07.149Z|2019-10-21|2019-10-27|closed|2805|client.communication.recieveResponseFromClientHello|closed
1008|300|1058||Sprint4|2019-09-26T16:42:10.190Z|2019-10-29T19:33:07.149Z|2019-10-21|2019-10-27|closed|2804|client.communication.sendClientHello|closed
1008|300|1058||Sprint4|2019-09-26T16:42:10.190Z|2019-10-29T19:33:07.149Z|2019-10-21|2019-10-27|closed|2803|gestor.communication.answerClientHello|closed
1008|300|1058||Sprint4|2019-09-26T16:42:10.190Z|2019-10-29T19:33:07.149Z|2019-10-21|2019-10-27|closed|2802|gestor.communication.recieveClientHello|closed
1008|300|1058||Sprint4|2019-09-26T16:42:10.190Z|2019-10-29T19:33:07.149Z|2019-10-21|2019-10-27|closed|2801|gestor.communication.sendNewNews|closed
1008|300|1058||Sprint4|2019-09-26T16:42:10.190Z|2019-10-29T19:33:07.149Z|2019-10-21|2019-10-27|closed|2672|Los menús no reconocen tildes|closed
1008|300|1058||Sprint4|2019-09-26T16:42:10.190Z|2019-10-29T19:33:07.149Z|2019-10-21|2019-10-27|closed|2436|cliente.mostrarNoticia|closed
1008|300|1058||Sprint4|2019-09-26T16:42:10.190Z|2019-10-29T19:33:07.149Z|2019-10-21|2019-10-27|closed|2430|gestor.insertarDesdeFichero|closed
1008|300|1057||Sprint3|2019-09-26T16:42:10.010Z|2019-10-23T11:54:01.200Z|2019-10-14|2019-10-20|closed|2808|Meeting Sprint 3|closed
1008|300|1057||Sprint3|2019-09-26T16:42:10.010Z|2019-10-23T11:54:01.200Z|2019-10-14|2019-10-20|closed|2807|client.communication.recieveNewsChannelUpdates|closed
1008|300|1057||Sprint3|2019-09-26T16:42:10.010Z|2019-10-23T11:54:01.200Z|2019-10-14|2019-10-20|closed|2806|client.communication.subscribeToNewsChannel|closed
1008|300|1057||Sprint3|2019-09-26T16:42:10.010Z|2019-10-23T11:54:01.200Z|2019-10-14|2019-10-20|closed|2800|Clase Noticia|closed
1008|300|1057||Sprint3|2019-09-26T16:42:10.010Z|2019-10-23T11:54:01.200Z|2019-10-14|2019-10-20|closed|2428|gestor.insertarPorPantalla|closed
1008|300|1056||Sprint2|2019-09-26T16:42:09.802Z|2019-10-20T18:00:52.498Z|2019-10-07|2019-10-13|closed|2612|Repasar todo el programa en busca de bugs y posibles mejoras|closed
1008|300|1056||Sprint2|2019-09-26T16:42:09.802Z|2019-10-20T18:00:52.498Z|2019-10-07|2019-10-13|closed|2611|Mejorar el aspecto de los menús|closed
1008|300|1056||Sprint2|2019-09-26T16:42:09.802Z|2019-10-20T18:00:52.498Z|2019-10-07|2019-10-13|closed|2610|Simplificar menús de filtro por fecha y por temática|closed
1008|300|1056||Sprint2|2019-09-26T16:42:09.802Z|2019-10-20T18:00:52.498Z|2019-10-07|2019-10-13|closed|2609|Login disfuncional|closed
1008|300|1056||Sprint2|2019-09-26T16:42:09.802Z|2019-10-20T18:00:52.498Z|2019-10-07|2019-10-13|closed|2608|Meeting 2|closed
1008|300|1055||Sprint1|2019-09-26T16:42:09.555Z|2019-10-20T18:00:49.839Z|2019-09-30|2019-10-06|closed|2476|cliente.menuParaConsultas.filtroPorTema|closed
1008|300|1055||Sprint1|2019-09-26T16:42:09.555Z|2019-10-20T18:00:49.839Z|2019-09-30|2019-10-06|closed|2475|cliente.menuParaConsultas.filtroPorFecha|closed
1008|300|1055||Sprint1|2019-09-26T16:42:09.555Z|2019-10-20T18:00:49.839Z|2019-09-30|2019-10-06|closed|2474|cliente.menuParaConsultas.filtroPorKeyword|closed
1008|300|1055||Sprint1|2019-09-26T16:42:09.555Z|2019-10-20T18:00:49.839Z|2019-09-30|2019-10-06|closed|2472|gestor.menuPrincipal|closed
1008|300|1055||Sprint1|2019-09-26T16:42:09.555Z|2019-10-20T18:00:49.839Z|2019-09-30|2019-10-06|closed|2432|cliente.menuParaConsultas.shell|closed
1008|300|1055||Sprint1|2019-09-26T16:42:09.555Z|2019-10-20T18:00:49.839Z|2019-09-30|2019-10-06|closed|2431|cliente.login|closed
1008|300|1055||Sprint1|2019-09-26T16:42:09.555Z|2019-10-20T18:00:49.839Z|2019-09-30|2019-10-06|closed|2427|Preparar el entorno del proyecto|closed
1008|300|1055||Sprint1|2019-09-26T16:42:09.555Z|2019-10-20T18:00:49.839Z|2019-09-30|2019-10-06|closed|2426|Primer Meeting|closed
1017|304|1072||Sprint4|2019-09-28T16:41:55.754Z|2019-09-28T16:41:55.754Z|2019-11-25|2019-12-01|active|||
1017|304|1071||Sprint3|2019-09-28T16:41:55.620Z|2019-09-28T16:41:55.620Z|2019-11-18|2019-11-24|active|||
1017|304|1070||Sprint2|2019-09-28T16:41:55.488Z|2019-09-28T16:41:55.488Z|2019-11-11|2019-11-17|active|||
1017|304|1069||Sprint1|2019-09-28T16:41:55.369Z|2019-09-28T16:41:55.369Z|2019-11-04|2019-11-10|active|||
1017|303|1068||Sprint5|2019-09-28T16:41:51.517Z|2019-11-03T22:56:30.375Z|2019-10-28|2019-11-03|closed|2524|El gestor puede insertar las noticias por fichero|closed
1017|303|1068||Sprint5|2019-09-28T16:41:51.517Z|2019-11-03T22:56:30.375Z|2019-10-28|2019-11-03|closed|2523|El gestor puede insertar las noticias por escribiendo por pantalla|closed
1017|303|1068||Sprint5|2019-09-28T16:41:51.517Z|2019-11-03T22:56:30.375Z|2019-10-28|2019-11-03|closed|2522|El gestor debe ofrecer una interfaz de texto, para poder introducir las noticias a distribuir a los Clientes|closed
1017|303|1068||Sprint5|2019-09-28T16:41:51.517Z|2019-11-03T22:56:30.375Z|2019-10-28|2019-11-03|closed|2521|El cliente puede filtrar noticias entre dos fecha indicadas|closed
1017|303|1068||Sprint5|2019-09-28T16:41:51.517Z|2019-11-03T22:56:30.375Z|2019-10-28|2019-11-03|closed|2520|El cliente puede filtrar por palabra clave introducida|closed
1017|303|1068||Sprint5|2019-09-28T16:41:51.517Z|2019-11-03T22:56:30.375Z|2019-10-28|2019-11-03|closed|2519|El cliente puede filtrar por temática entre Política, Economía o Deportes|closed
1017|303|1068||Sprint5|2019-09-28T16:41:51.517Z|2019-11-03T22:56:30.375Z|2019-10-28|2019-11-03|closed|2518|El cliente podrá elegir filtrar por temática, palabra o fecha|closed
1017|303|1068||Sprint5|2019-09-28T16:41:51.517Z|2019-11-03T22:56:30.375Z|2019-10-28|2019-11-03|closed|2517|El cliente debe poder consultar noticias|closed
1017|303|1068||Sprint5|2019-09-28T16:41:51.517Z|2019-11-03T22:56:30.375Z|2019-10-28|2019-11-03|closed|2514|El usuario debe poder logearse|closed
1017|303|1067||Sprint4|2019-09-28T16:41:51.120Z|2019-10-27T22:21:18.019Z|2019-10-21|2019-10-27|closed|2892|Meeting Sprint 4|closed
1017|303|1066||Sprint3|2019-09-28T16:41:50.987Z|2019-10-20T21:39:40.012Z|2019-10-14|2019-10-20|closed|2810|Meeting Sprint 3|closed
1017|303|1065||Sprint2|2019-09-28T16:41:50.846Z|2019-10-13T18:56:46.437Z|2019-10-07|2019-10-13|closed|2671|Meeting final de Sprint 2|closed
1017|303|1065||Sprint2|2019-09-28T16:41:50.846Z|2019-10-13T18:56:46.437Z|2019-10-07|2019-10-13|closed|2670|Inicialización del repositorio del proyecto|closed
1017|303|1065||Sprint2|2019-09-28T16:41:50.846Z|2019-10-13T18:56:46.437Z|2019-10-07|2019-10-13|closed|2594|Meeting planificación Sprint 2|closed
1017|303|1064||Sprint1|2019-09-28T16:41:50.708Z|2019-10-06T21:46:21.959Z|2019-09-30|2019-10-06|closed|2577|Meeting Final Sprint 1|closed
1017|303|1064||Sprint1|2019-09-28T16:41:50.708Z|2019-10-06T21:46:21.959Z|2019-09-30|2019-10-06|closed|2526|Documentación sobre el backlog|closed
1017|303|1064||Sprint1|2019-09-28T16:41:50.708Z|2019-10-06T21:46:21.959Z|2019-09-30|2019-10-06|closed|2513|Reunión de planificación inicial.|closed
1018|306|1081||Sprint4|2019-09-28T16:42:00.801Z|2019-09-28T16:42:00.801Z|2019-11-25|2019-12-01|active|||
1018|306|1080||Sprint3|2019-09-28T16:42:00.686Z|2019-09-28T16:42:00.686Z|2019-11-18|2019-11-24|active|||
1018|306|1079||Sprint2|2019-09-28T16:42:00.537Z|2019-09-28T16:42:00.537Z|2019-11-11|2019-11-17|active|||
1018|306|1078||Sprint1|2019-09-28T16:42:00.390Z|2019-09-28T16:42:00.390Z|2019-11-04|2019-11-10|active|||
1018|305|1077||Sprint5|2019-09-28T16:41:57.844Z|2019-09-28T16:41:57.844Z|2019-10-28|2019-11-03|active|||
1018|305|1076||Sprint4|2019-09-28T16:41:57.725Z|2019-09-28T16:41:57.725Z|2019-10-21|2019-10-27|active|2873|Solucionar bug en el filtro de noticias|closed
1018|305|1076||Sprint4|2019-09-28T16:41:57.725Z|2019-09-28T16:41:57.725Z|2019-10-21|2019-10-27|active|2872|Implementar sistema de suscripciones en el cliente|closed
1018|305|1076||Sprint4|2019-09-28T16:41:57.725Z|2019-09-28T16:41:57.725Z|2019-10-21|2019-10-27|active|2871|Paso de noticias en ficheros|closed
1018|305|1075||Sprint3|2019-09-28T16:41:57.585Z|2019-09-28T16:41:57.585Z|2019-10-14|2019-10-20|active|2742|Implementar MessageListener en ConsumirNoticia|closed
1018|305|1075||Sprint3|2019-09-28T16:41:57.585Z|2019-09-28T16:41:57.585Z|2019-10-14|2019-10-20|active|2741|Implementación de Threads en la clase ConsumirNoticia|closed
1018|305|1075||Sprint3|2019-09-28T16:41:57.585Z|2019-09-28T16:41:57.585Z|2019-10-14|2019-10-20|active|2739|Mejorar Interfaz del Cliente|closed
1018|305|1075||Sprint3|2019-09-28T16:41:57.585Z|2019-09-28T16:41:57.585Z|2019-10-14|2019-10-20|active|2738|Colores Interfaz del Cliente|closed
1018|305|1075||Sprint3|2019-09-28T16:41:57.585Z|2019-09-28T16:41:57.585Z|2019-10-14|2019-10-20|active|2737|Implementación de Threads en la clase ServicioNoticias|closed
1018|305|1075||Sprint3|2019-09-28T16:41:57.585Z|2019-09-28T16:41:57.585Z|2019-10-14|2019-10-20|active|2736|Colores Interfaz del Gestor|closed
1018|305|1075||Sprint3|2019-09-28T16:41:57.585Z|2019-09-28T16:41:57.585Z|2019-10-14|2019-10-20|active|2735|Mejorar interfaz del Gestor|closed
1018|305|1075||Sprint3|2019-09-28T16:41:57.585Z|2019-09-28T16:41:57.585Z|2019-10-14|2019-10-20|active|2734|Implementar filtro de búsqueda de Noticias en el Cliente|closed
1018|305|1075||Sprint3|2019-09-28T16:41:57.585Z|2019-09-28T16:41:57.585Z|2019-10-14|2019-10-20|active|2733|Integración del ArrayList de la clase Noticias al Cliente|closed
1018|305|1075||Sprint3|2019-09-28T16:41:57.585Z|2019-09-28T16:41:57.585Z|2019-10-14|2019-10-20|active|2699|Meeting planificación Sprint 3|closed
1018|305|1074||Sprint2|2019-09-28T16:41:57.449Z|2019-09-28T16:41:57.449Z|2019-10-07|2019-10-13|active|2640|Implementación básica de la clase ConsumidorNoticia|closed
1018|305|1074||Sprint2|2019-09-28T16:41:57.449Z|2019-09-28T16:41:57.449Z|2019-10-07|2019-10-13|active|2639|Implementar visualizacion por pantalla de la noticia en la clase ConsumidorNoticia|closed
1018|305|1074||Sprint2|2019-09-28T16:41:57.449Z|2019-09-28T16:41:57.449Z|2019-10-07|2019-10-13|active|2638|Arreglar la clase Noticia|closed
1018|305|1074||Sprint2|2019-09-28T16:41:57.449Z|2019-09-28T16:41:57.449Z|2019-10-07|2019-10-13|active|2637|Terminar de implementar la clase ServicioNoticias|closed
1018|305|1074||Sprint2|2019-09-28T16:41:57.449Z|2019-09-28T16:41:57.449Z|2019-10-07|2019-10-13|active|2636|Reunión Sprint 2|closed
1018|305|1073|En este Sprint hemos empezado el proyecto con las bases de las Noticias y del Gestor.|Sprint1|2019-09-28T16:41:57.335Z|2019-10-06T11:22:35.287Z|2019-09-30|2019-10-06|closed|||
1019|308|1090||Sprint4|2019-09-28T16:42:04.828Z|2019-09-28T16:42:04.828Z|2019-11-25|2019-12-01|active|||
1019|308|1089||Sprint3|2019-09-28T16:42:04.687Z|2019-09-28T16:42:04.687Z|2019-11-18|2019-11-24|active|||
1019|308|1088||Sprint2|2019-09-28T16:42:04.546Z|2019-09-28T16:42:04.546Z|2019-11-11|2019-11-17|active|||
1019|308|1087||Sprint1|2019-09-28T16:42:04.382Z|2019-09-28T16:42:04.382Z|2019-11-04|2019-11-10|active|||
1019|307|1086||Sprint5|2019-09-28T16:42:01.896Z|2019-09-28T16:42:01.896Z|2019-10-28|2019-11-03|active|3001|Crear archivos para insertar noticias de prueba|closed
1019|307|1086||Sprint5|2019-09-28T16:42:01.896Z|2019-09-28T16:42:01.896Z|2019-10-28|2019-11-03|active|3000|Escribir Readme|closed
1019|307|1086||Sprint5|2019-09-28T16:42:01.896Z|2019-09-28T16:42:01.896Z|2019-10-28|2019-11-03|active|2994|Cliente termine|closed
1019|307|1086||Sprint5|2019-09-28T16:42:01.896Z|2019-09-28T16:42:01.896Z|2019-10-28|2019-11-03|active|2989|Gestor inserte muchas noticias|closed
1019|307|1086||Sprint5|2019-09-28T16:42:01.896Z|2019-09-28T16:42:01.896Z|2019-10-28|2019-11-03|active|2982|Cliente recibe noticias|closed
1019|307|1086||Sprint5|2019-09-28T16:42:01.896Z|2019-09-28T16:42:01.896Z|2019-10-28|2019-11-03|active|2981|Gestor envía noticias|closed
1019|307|1086||Sprint5|2019-09-28T16:42:01.896Z|2019-09-28T16:42:01.896Z|2019-10-28|2019-11-03|active|2977|Cliente no habla con el gestor ni se suscribe al topic|closed
1019|307|1086||Sprint5|2019-09-28T16:42:01.896Z|2019-09-28T16:42:01.896Z|2019-10-28|2019-11-03|active|2918|Reunión para organizar el último sprint|closed
1019|307|1086||Sprint5|2019-09-28T16:42:01.896Z|2019-09-28T16:42:01.896Z|2019-10-28|2019-11-03|active|2855|El cliente pide más de un filtro|closed
1019|307|1086||Sprint5|2019-09-28T16:42:01.896Z|2019-09-28T16:42:01.896Z|2019-10-28|2019-11-03|active|2853|Gestor no tiene noticias de ese tema|closed
1019|307|1086||Sprint5|2019-09-28T16:42:01.896Z|2019-09-28T16:42:01.896Z|2019-10-28|2019-11-03|active|2850|Suscripción del cliente al topic que ha hecho el filtro|closed
1019|307|1086||Sprint5|2019-09-28T16:42:01.896Z|2019-09-28T16:42:01.896Z|2019-10-28|2019-11-03|active|2828|Cliente crea una cola cuando hace una petición a noticias|closed
1019|307|1086||Sprint5|2019-09-28T16:42:01.896Z|2019-09-28T16:42:01.896Z|2019-10-28|2019-11-03|active|2758|Cliente: petición de noticia de forma asíncrona|closed
1019|307|1085||Sprint4|2019-09-28T16:42:01.755Z|2019-10-29T13:47:32.823Z|2019-10-21|2019-10-27|closed|2852|El gestor manda por la cola las noticias (asíncrona)|closed
1019|307|1085||Sprint4|2019-09-28T16:42:01.755Z|2019-10-29T13:47:32.823Z|2019-10-21|2019-10-27|closed|2851|Gestor manda la noticia por el topic cuando la crea|closed
1019|307|1085||Sprint4|2019-09-28T16:42:01.755Z|2019-10-29T13:47:32.823Z|2019-10-21|2019-10-27|closed|2827|Crear colas general, politica, economia y deporte en gestor|closed
1019|307|1085||Sprint4|2019-09-28T16:42:01.755Z|2019-10-29T13:47:32.823Z|2019-10-21|2019-10-27|closed|2813|Revisar código Sprint 3 y crear tareas para Sprint 4|closed
1019|307|1084||Sprint3|2019-09-28T16:42:01.626Z|2019-10-21T15:04:09.012Z|2019-10-14|2019-10-20|closed|2759|Constantes nombre colas|closed
1019|307|1084||Sprint3|2019-09-28T16:42:01.626Z|2019-10-21T15:04:09.012Z|2019-10-14|2019-10-20|closed|2748|Añadir noticia a hashmap y arraylist|closed
1019|307|1084||Sprint3|2019-09-28T16:42:01.626Z|2019-10-21T15:04:09.012Z|2019-10-14|2019-10-20|closed|2747|Crear Hashmap de referencias a noticias en el gestor|closed
1019|307|1084||Sprint3|2019-09-28T16:42:01.626Z|2019-10-21T15:04:09.012Z|2019-10-14|2019-10-20|closed|2746|Crear ArrayList en Gestor|closed
1019|307|1084||Sprint3|2019-09-28T16:42:01.626Z|2019-10-21T15:04:09.012Z|2019-10-14|2019-10-20|closed|2745|Organización datos por parte del gestor|closed
1019|307|1084||Sprint3|2019-09-28T16:42:01.626Z|2019-10-21T15:04:09.012Z|2019-10-14|2019-10-20|closed|2744|Insertar fichero con noticias gestor|closed
1019|307|1084||Sprint3|2019-09-28T16:42:01.626Z|2019-10-21T15:04:09.012Z|2019-10-14|2019-10-20|closed|2673|Reunión Sprint 3|closed
1019|307|1083||Sprint2|2019-09-28T16:42:01.513Z|2019-10-14T10:02:56.036Z|2019-10-07|2019-10-13|closed|2632|Gestor recibe un mensaje del Cliente|closed
1019|307|1083||Sprint2|2019-09-28T16:42:01.513Z|2019-10-14T10:02:56.036Z|2019-10-07|2019-10-13|closed|2631|Gestor envía mensaje al Cliente|closed
1019|307|1083||Sprint2|2019-09-28T16:42:01.513Z|2019-10-14T10:02:56.036Z|2019-10-07|2019-10-13|closed|2630|Cliente reciba del Gestor un mensaje|closed
1019|307|1083||Sprint2|2019-09-28T16:42:01.513Z|2019-10-14T10:02:56.036Z|2019-10-07|2019-10-13|closed|2629|Cliente envía un mensaje al Gestor|closed
1019|307|1083||Sprint2|2019-09-28T16:42:01.513Z|2019-10-14T10:02:56.036Z|2019-10-07|2019-10-13|closed|2628|Comunicación sínrona entre Gestor y Cliente|closed
1019|307|1083||Sprint2|2019-09-28T16:42:01.513Z|2019-10-14T10:02:56.036Z|2019-10-07|2019-10-13|closed|2606|Incluir mq en el proyecto|closed
1019|307|1083||Sprint2|2019-09-28T16:42:01.513Z|2019-10-14T10:02:56.036Z|2019-10-07|2019-10-13|closed|2588|Cambiar interacción de usuario en clase Cliente|closed
1019|307|1083||Sprint2|2019-09-28T16:42:01.513Z|2019-10-14T10:02:56.036Z|2019-10-07|2019-10-13|closed|2587|Clase Gestor no hace lo especificado en la issue #5|closed
1019|307|1083||Sprint2|2019-09-28T16:42:01.513Z|2019-10-14T10:02:56.036Z|2019-10-07|2019-10-13|closed|2578|Reunión revisar resultados Sprint 1|closed
1019|307|1082||Sprint1|2019-09-28T16:42:01.370Z|2019-10-07T13:53:09.242Z|2019-09-30|2019-10-06|closed|2509|Interfaz Texto Gestor|closed
1019|307|1082||Sprint1|2019-09-28T16:42:01.370Z|2019-10-07T13:53:09.242Z|2019-09-30|2019-10-06|closed|2508|Clase Noticia|closed
1019|307|1082||Sprint1|2019-09-28T16:42:01.370Z|2019-10-07T13:53:09.242Z|2019-09-30|2019-10-06|closed|2507|Interfaz texto del Cliente|closed
1019|307|1082||Sprint1|2019-09-28T16:42:01.370Z|2019-10-07T13:53:09.242Z|2019-09-30|2019-10-06|closed|2486|Creación de clases java|closed
1019|307|1082||Sprint1|2019-09-28T16:42:01.370Z|2019-10-07T13:53:09.242Z|2019-09-30|2019-10-06|closed|2485|Reunión|closed
1020|310|1099||Sprint4|2019-09-28T16:42:10.849Z|2019-09-28T16:42:10.849Z|2019-11-25|2019-12-01|active|||
1020|310|1098||Sprint3|2019-09-28T16:42:10.704Z|2019-09-28T16:42:10.704Z|2019-11-18|2019-11-24|active|||
1020|310|1097||Sprint2|2019-09-28T16:42:10.541Z|2019-09-28T16:42:10.541Z|2019-11-11|2019-11-17|active|||
1020|310|1096||Sprint1|2019-09-28T16:42:10.422Z|2019-09-28T16:42:10.422Z|2019-11-04|2019-11-10|active|||
1020|309|1095||Sprint5|2019-09-28T16:42:08.204Z|2019-09-28T16:42:08.204Z|2019-10-28|2019-11-03|active|3019|Bug - Busqueda por fecha|opened
1020|309|1095||Sprint5|2019-09-28T16:42:08.204Z|2019-09-28T16:42:08.204Z|2019-10-28|2019-11-03|active|2997|Bug - Recepción de noticias duplicadas|closed
1020|309|1095||Sprint5|2019-09-28T16:42:08.204Z|2019-09-28T16:42:08.204Z|2019-10-28|2019-11-03|active|2996|Reunión final|closed
1020|309|1095||Sprint5|2019-09-28T16:42:08.204Z|2019-09-28T16:42:08.204Z|2019-10-28|2019-11-03|active|2975|Reunión Sprint5|closed
1020|309|1095||Sprint5|2019-09-28T16:42:08.204Z|2019-09-28T16:42:08.204Z|2019-10-28|2019-11-03|active|2953|Bug - Interfaz cliente|closed
1020|309|1095||Sprint5|2019-09-28T16:42:08.204Z|2019-09-28T16:42:08.204Z|2019-10-28|2019-11-03|active|2552|Documentación adicional que sea necesaria (listado de bugs encontrados, lecciones aprendidas, errores comunes, etc…)|closed
1020|309|1095||Sprint5|2019-09-28T16:42:08.204Z|2019-09-28T16:42:08.204Z|2019-10-28|2019-11-03|active|2551|Documento explicativo para una correcta ejecución del código (README)|closed
1020|309|1095||Sprint5|2019-09-28T16:42:08.204Z|2019-09-28T16:42:08.204Z|2019-10-28|2019-11-03|active|2548|Memoria Práctica|closed
1020|309|1095||Sprint5|2019-09-28T16:42:08.204Z|2019-09-28T16:42:08.204Z|2019-10-28|2019-11-03|active|2546|Test para el proyecto|opened
1020|309|1095||Sprint5|2019-09-28T16:42:08.204Z|2019-09-28T16:42:08.204Z|2019-10-28|2019-11-03|active|2539|interfazCliente|closed
1020|309|1095||Sprint5|2019-09-28T16:42:08.204Z|2019-09-28T16:42:08.204Z|2019-10-28|2019-11-03|active|2538|tipoSuscripción|opened
1020|309|1095||Sprint5|2019-09-28T16:42:08.204Z|2019-09-28T16:42:08.204Z|2019-10-28|2019-11-03|active|2537|conexiónGestor.enviarNoticias|closed
1020|309|1095||Sprint5|2019-09-28T16:42:08.204Z|2019-09-28T16:42:08.204Z|2019-10-28|2019-11-03|active|2534|búsquedaPetición.filtrarFecha|closed
1020|309|1095||Sprint5|2019-09-28T16:42:08.204Z|2019-09-28T16:42:08.204Z|2019-10-28|2019-11-03|active|2533|búsquedaPetición.filtrarPalabra|closed
1020|309|1095||Sprint5|2019-09-28T16:42:08.204Z|2019-09-28T16:42:08.204Z|2019-10-28|2019-11-03|active|2532|búsquedaPetición.filtrarTema|closed
1020|309|1095||Sprint5|2019-09-28T16:42:08.204Z|2019-09-28T16:42:08.204Z|2019-10-28|2019-11-03|active|2531|búsquedaPetición|closed
1020|309|1094||Sprint4|2019-09-28T16:42:08.058Z|2019-09-28T16:42:08.058Z|2019-10-21|2019-10-27|active|2883|claseNoticia|closed
1020|309|1094||Sprint4|2019-09-28T16:42:08.058Z|2019-09-28T16:42:08.058Z|2019-10-21|2019-10-27|active|2867|Reunión Sprint4|closed
1020|309|1094||Sprint4|2019-09-28T16:42:08.058Z|2019-09-28T16:42:08.058Z|2019-10-21|2019-10-27|active|2547|Hacer noticias para realizar pruebas en el proyecto|closed
1020|309|1094||Sprint4|2019-09-28T16:42:08.058Z|2019-09-28T16:42:08.058Z|2019-10-21|2019-10-27|active|2544|conexiónCliente.solicitarNoticias|closed
1020|309|1094||Sprint4|2019-09-28T16:42:08.058Z|2019-09-28T16:42:08.058Z|2019-10-21|2019-10-27|active|2543|conexiónCliente|closed
1020|309|1094||Sprint4|2019-09-28T16:42:08.058Z|2019-09-28T16:42:08.058Z|2019-10-21|2019-10-27|active|2542|loginCliente.tipoSuscripción|closed
1020|309|1094||Sprint4|2019-09-28T16:42:08.058Z|2019-09-28T16:42:08.058Z|2019-10-21|2019-10-27|active|2541|loginCliente.registrarUsuario|closed
1020|309|1094||Sprint4|2019-09-28T16:42:08.058Z|2019-09-28T16:42:08.058Z|2019-10-21|2019-10-27|active|2540|loginCliente|closed
1020|309|1094||Sprint4|2019-09-28T16:42:08.058Z|2019-09-28T16:42:08.058Z|2019-10-21|2019-10-27|active|2536|conexiónGestor.recibirPeticiones|closed
1020|309|1094||Sprint4|2019-09-28T16:42:08.058Z|2019-09-28T16:42:08.058Z|2019-10-21|2019-10-27|active|2535|conexiónGestor|opened
1020|309|1094||Sprint4|2019-09-28T16:42:08.058Z|2019-09-28T16:42:08.058Z|2019-10-21|2019-10-27|active|2530|almacenamientoGestor.insertarFichero|closed
1020|309|1094||Sprint4|2019-09-28T16:42:08.058Z|2019-09-28T16:42:08.058Z|2019-10-21|2019-10-27|active|2529|almacenamientoGestor.insertarPantalla|closed
1020|309|1094||Sprint4|2019-09-28T16:42:08.058Z|2019-09-28T16:42:08.058Z|2019-10-21|2019-10-27|active|2528|almacenamientoGestor|closed
1020|309|1094||Sprint4|2019-09-28T16:42:08.058Z|2019-09-28T16:42:08.058Z|2019-10-21|2019-10-27|active|2527|interfazGestor|closed
1020|309|1093||Sprint3|2019-09-28T16:42:07.636Z|2019-09-28T16:42:07.636Z|2019-10-14|2019-10-20|active|2740|Reunión Sprint3|closed
1020|309|1093||Sprint3|2019-09-28T16:42:07.636Z|2019-09-28T16:42:07.636Z|2019-10-14|2019-10-20|active|2545|conexiónCliente.recibirNoticias|closed
1020|309|1092||Sprint2|2019-09-28T16:42:07.502Z|2019-09-28T16:42:07.502Z|2019-10-07|2019-10-13|active|2641|Reuniรณn Sprint2|closed
1020|309|1091||Sprint1|2019-09-28T16:42:07.377Z|2019-09-28T16:42:07.377Z|2019-09-30|2019-10-06|active|2550|Estructurar la practica|closed
1020|309|1091||Sprint1|2019-09-28T16:42:07.377Z|2019-09-28T16:42:07.377Z|2019-09-30|2019-10-06|active|2549|Preparar entorno de la práctica (configuración del repositorio de gitlab)|closed
1020|309|1091||Sprint1|2019-09-28T16:42:07.377Z|2019-09-28T16:42:07.377Z|2019-09-30|2019-10-06|active|2510|Reunión Sprint1|closed
1021|312|1108||Sprint4|2019-09-28T16:42:13.974Z|2019-09-28T16:42:13.974Z|2019-11-25|2019-12-01|active|||
1021|312|1107||Sprint3|2019-09-28T16:42:13.857Z|2019-09-28T16:42:13.857Z|2019-11-18|2019-11-24|active|||
1021|312|1106||Sprint2|2019-09-28T16:42:13.714Z|2019-09-28T16:42:13.714Z|2019-11-11|2019-11-17|active|||
1021|312|1105||Sprint1|2019-09-28T16:42:13.597Z|2019-09-28T16:42:13.597Z|2019-11-04|2019-11-10|active|||
1021|311|1104||Sprint5|2019-09-28T16:42:12.592Z|2019-11-03T23:00:33.952Z|2019-10-28|2019-11-03|closed|||
1021|311|1103||Sprint4|2019-09-28T16:42:12.474Z|2019-11-03T23:00:30.534Z|2019-10-21|2019-10-27|closed|2831|Envío y recepción de mensajes en gestor|closed
1021|311|1103||Sprint4|2019-09-28T16:42:12.474Z|2019-11-03T23:00:30.534Z|2019-10-21|2019-10-27|closed|2830|Envío y recepción de mensajes en cliente|closed
1021|311|1103||Sprint4|2019-09-28T16:42:12.474Z|2019-11-03T23:00:30.534Z|2019-10-21|2019-10-27|closed|2829|Mostrar noticia|closed
1021|311|1103||Sprint4|2019-09-28T16:42:12.474Z|2019-11-03T23:00:30.534Z|2019-10-21|2019-10-27|closed|2722|Creacion de un sistema de login|closed
1021|311|1102||Sprint3|2019-09-28T16:42:12.075Z|2019-10-22T21:42:55.823Z|2019-10-14|2019-10-20|closed|2782|Completar fichero fuente noticia|closed
1021|311|1102||Sprint3|2019-09-28T16:42:12.075Z|2019-10-22T21:42:55.823Z|2019-10-14|2019-10-20|closed|2724|Insertar noticia|closed
1021|311|1102||Sprint3|2019-09-28T16:42:12.075Z|2019-10-22T21:42:55.823Z|2019-10-14|2019-10-20|closed|2723|Consulta de noticias|closed
1021|311|1101||Sprint2|2019-09-28T16:42:11.951Z|2019-10-17T09:07:14.049Z|2019-10-07|2019-10-13|closed|2590|Reunion|closed
1021|311|1101||Sprint2|2019-09-28T16:42:11.951Z|2019-10-17T09:07:14.049Z|2019-10-07|2019-10-13|closed|2484|Montar fichero noticia|closed
1021|311|1101||Sprint2|2019-09-28T16:42:11.951Z|2019-10-17T09:07:14.049Z|2019-10-07|2019-10-13|closed|2483|Montar fichero Gestor|closed
1021|311|1101||Sprint2|2019-09-28T16:42:11.951Z|2019-10-17T09:07:14.049Z|2019-10-07|2019-10-13|closed|2481|Montar fichero cliente|closed
1021|311|1100||Sprint1|2019-09-28T16:42:11.792Z|2019-10-06T11:26:11.492Z|2019-09-30|2019-10-06|closed|2482|Reunión 1|closed
1021|311|1100||Sprint1|2019-09-28T16:42:11.792Z|2019-10-06T11:26:11.492Z|2019-09-30|2019-10-06|closed|2480|Configurar entorno|closed
1021|311|1100||Sprint1|2019-09-28T16:42:11.792Z|2019-10-06T11:26:11.492Z|2019-09-30|2019-10-06|closed|2479|Creación Noticia, Gestor y usuario|closed
1021|311|1100||Sprint1|2019-09-28T16:42:11.792Z|2019-10-06T11:26:11.492Z|2019-09-30|2019-10-06|closed|2478|Creación README.txt|closed
1022|314|1117||Sprint4|2019-09-28T16:42:16.557Z|2019-09-28T16:42:16.557Z|2019-11-25|2019-12-01|active|||
1022|314|1116||Sprint3|2019-09-28T16:42:16.415Z|2019-09-28T16:42:16.415Z|2019-11-18|2019-11-24|active|||
1022|314|1115||Sprint2|2019-09-28T16:42:16.276Z|2019-09-28T16:42:16.276Z|2019-11-11|2019-11-17|active|||
1022|314|1114||Sprint1|2019-09-28T16:42:16.078Z|2019-09-28T16:42:16.078Z|2019-11-04|2019-11-10|active|||
1022|313|1113||Sprint5|2019-09-28T16:42:15.279Z|2019-09-28T16:42:15.279Z|2019-10-28|2019-11-03|active|2948|Orden de noticias al cliente|closed
1022|313|1113||Sprint5|2019-09-28T16:42:15.279Z|2019-09-28T16:42:15.279Z|2019-10-28|2019-11-03|active|2947|Reunión puesta a punto|closed
1022|313|1113||Sprint5|2019-09-28T16:42:15.279Z|2019-09-28T16:42:15.279Z|2019-10-28|2019-11-03|active|2946|Cliente debe poder filtrar noticias por intervalo de fechas|closed
1022|313|1113||Sprint5|2019-09-28T16:42:15.279Z|2019-09-28T16:42:15.279Z|2019-10-28|2019-11-03|active|2945|Leer noticias en cola|closed
1022|313|1113||Sprint5|2019-09-28T16:42:15.279Z|2019-09-28T16:42:15.279Z|2019-10-28|2019-11-03|active|2944|Las palabras clave no se agregan separadas|closed
1022|313|1113||Sprint5|2019-09-28T16:42:15.279Z|2019-09-28T16:42:15.279Z|2019-10-28|2019-11-03|active|2943|Solo se puede leer una noticia del fichero de texto|closed
1022|313|1113||Sprint5|2019-09-28T16:42:15.279Z|2019-09-28T16:42:15.279Z|2019-10-28|2019-11-03|active|2942|Fallo introduciendo dos noticias seguidas|closed
1022|313|1113||Sprint5|2019-09-28T16:42:15.279Z|2019-09-28T16:42:15.279Z|2019-10-28|2019-11-03|active|2879|Usuario debe poder utilizar funcionalidad premium|closed
1022|313|1113||Sprint5|2019-09-28T16:42:15.279Z|2019-09-28T16:42:15.279Z|2019-10-28|2019-11-03|active|2878|Actualizar noticias del servidor|closed
1022|313|1112||Sprint4|2019-09-28T16:42:15.173Z|2019-09-28T16:42:15.173Z|2019-10-21|2019-10-27|active|2880|Skype rápido|closed
1022|313|1112||Sprint4|2019-09-28T16:42:15.173Z|2019-09-28T16:42:15.173Z|2019-10-21|2019-10-27|active|2861|Reunión vía Skype|closed
1022|313|1112||Sprint4|2019-09-28T16:42:15.173Z|2019-09-28T16:42:15.173Z|2019-10-21|2019-10-27|active|2860|El servidor solo responde al primer mensaje|closed
1022|313|1111||Sprint3|2019-09-28T16:42:15.063Z|2019-09-28T16:42:15.063Z|2019-10-14|2019-10-20|active|2811|Suscriptores deben poder filtrar noticias publicadas|closed
1022|313|1111||Sprint3|2019-09-28T16:42:15.063Z|2019-09-28T16:42:15.063Z|2019-10-14|2019-10-20|active|2793|El usuario debe poder utilizar el Servicio de Noticias de forma distinta dependiendo del tipo de suscripción|closed
1022|313|1111||Sprint3|2019-09-28T16:42:15.063Z|2019-09-28T16:42:15.063Z|2019-10-14|2019-10-20|active|2792|Reunión de control vía Skype|closed
1022|313|1111||Sprint3|2019-09-28T16:42:15.063Z|2019-09-28T16:42:15.063Z|2019-10-14|2019-10-20|active|2627|Preparacion de interfaz en consola|closed
1022|313|1111||Sprint3|2019-09-28T16:42:15.063Z|2019-09-28T16:42:15.063Z|2019-10-14|2019-10-20|active|2626|Establecimiento de conexión|closed
1022|313|1110||Sprint2|2019-09-28T16:42:14.954Z|2019-09-28T16:42:14.954Z|2019-10-07|2019-10-13|active|2586|Pequeña reunión|closed
1022|313|1109||Sprint1|2019-09-28T16:42:14.824Z|2019-09-28T16:42:14.824Z|2019-09-30|2019-10-06|active|||
1023|316|1126||Sprint4|2019-09-28T16:42:18.864Z|2019-09-28T16:42:18.864Z|2019-11-25|2019-12-01|active|||
1023|316|1125||Sprint3|2019-09-28T16:42:18.723Z|2019-09-28T16:42:18.723Z|2019-11-18|2019-11-24|active|||
1023|316|1124||Sprint2|2019-09-28T16:42:18.603Z|2019-09-28T16:42:18.603Z|2019-11-11|2019-11-17|active|||
1023|316|1123||Sprint1|2019-09-28T16:42:18.481Z|2019-09-28T16:42:18.481Z|2019-11-04|2019-11-10|active|||
1023|315|1122||Sprint5|2019-09-28T16:42:17.866Z|2019-11-03T18:48:08.830Z|2019-10-28|2019-11-03|closed|3007|implementarGestor.bugInsertarPorFichero|closed
1023|315|1122||Sprint5|2019-09-28T16:42:17.866Z|2019-11-03T18:48:08.830Z|2019-10-28|2019-11-03|closed|3005|implementarGestor.bugFechas|closed
1023|315|1122||Sprint5|2019-09-28T16:42:17.866Z|2019-11-03T18:48:08.830Z|2019-10-28|2019-11-03|closed|3003|implementarCliente.bugLetrasEnConsultas|closed
1023|315|1122||Sprint5|2019-09-28T16:42:17.866Z|2019-11-03T18:48:08.830Z|2019-10-28|2019-11-03|closed|2993|ImplementarNoticia.lectorDeNoticias|closed
1023|315|1122||Sprint5|2019-09-28T16:42:17.866Z|2019-11-03T18:48:08.830Z|2019-10-28|2019-11-03|closed|2991|implementarCliente.bugtematica|closed
1023|315|1122||Sprint5|2019-09-28T16:42:17.866Z|2019-11-03T18:48:08.830Z|2019-10-28|2019-11-03|closed|2990|implementarCliente.bugScanner|closed
1023|315|1122||Sprint5|2019-09-28T16:42:17.866Z|2019-11-03T18:48:08.830Z|2019-10-28|2019-11-03|closed|2980|Readme|closed
1023|315|1122||Sprint5|2019-09-28T16:42:17.866Z|2019-11-03T18:48:08.830Z|2019-10-28|2019-11-03|closed|2926|implementarGestor.threads|closed
1023|315|1122||Sprint5|2019-09-28T16:42:17.866Z|2019-11-03T18:48:08.830Z|2019-10-28|2019-11-03|closed|2886|implementarGestor.recibirSolicitudes|closed
1023|315|1122||Sprint5|2019-09-28T16:42:17.866Z|2019-11-03T18:48:08.830Z|2019-10-28|2019-11-03|closed|2726|implementraCliente.consultaPorFecha|closed
1023|315|1122||Sprint5|2019-09-28T16:42:17.866Z|2019-11-03T18:48:08.830Z|2019-10-28|2019-11-03|closed|2725|implementarCliente.consultasPalabrasClave|closed
1023|315|1122||Sprint5|2019-09-28T16:42:17.866Z|2019-11-03T18:48:08.830Z|2019-10-28|2019-11-03|closed|2605|ImplementarCliente.consultasTematica|closed
1023|315|1122||Sprint5|2019-09-28T16:42:17.866Z|2019-11-03T18:48:08.830Z|2019-10-28|2019-11-03|closed|2603|implementarCliente.interfaz|closed
1023|315|1122||Sprint5|2019-09-28T16:42:17.866Z|2019-11-03T18:48:08.830Z|2019-10-28|2019-11-03|closed|2600|implementarGestor.interfaz|closed
1023|315|1122||Sprint5|2019-09-28T16:42:17.866Z|2019-11-03T18:48:08.830Z|2019-10-28|2019-11-03|closed|2599|ImplementarCliente|closed
1023|315|1122||Sprint5|2019-09-28T16:42:17.866Z|2019-11-03T18:48:08.830Z|2019-10-28|2019-11-03|closed|2598|ImplementarGestor|closed
1023|315|1121||Sprint4|2019-09-28T16:42:17.700Z|2019-10-31T13:07:25.084Z|2019-10-21|2019-10-27|closed|2885|reunion fin de spring4|closed
1023|315|1121||Sprint4|2019-09-28T16:42:17.700Z|2019-10-31T13:07:25.084Z|2019-10-21|2019-10-27|closed|2845|Noticia.bug|closed
1023|315|1121||Sprint4|2019-09-28T16:42:17.700Z|2019-10-31T13:07:25.084Z|2019-10-21|2019-10-27|closed|2844|ClaseFecha|closed
1023|315|1121||Sprint4|2019-09-28T16:42:17.700Z|2019-10-31T13:07:25.084Z|2019-10-21|2019-10-27|closed|2836|insertarporFichero.bug|closed
1023|315|1121||Sprint4|2019-09-28T16:42:17.700Z|2019-10-31T13:07:25.084Z|2019-10-21|2019-10-27|closed|2835|insertarPorPantalla.bug|closed
1023|315|1120||Sprint3|2019-09-28T16:42:17.570Z|2019-10-20T18:48:33.971Z|2019-10-14|2019-10-20|closed|2750|Noticia.palabrasClaveBug|closed
1023|315|1120||Sprint3|2019-09-28T16:42:17.570Z|2019-10-20T18:48:33.971Z|2019-10-14|2019-10-20|closed|2604|implementarCliente.login|closed
1023|315|1120||Sprint3|2019-09-28T16:42:17.570Z|2019-10-20T18:48:33.971Z|2019-10-14|2019-10-20|closed|2602|implementraGestor.insertarPorFichero|closed
1023|315|1120||Sprint3|2019-09-28T16:42:17.570Z|2019-10-20T18:48:33.971Z|2019-10-14|2019-10-20|closed|2601|implementarGestor.insertarPorPantalla|closed
1023|315|1119||Sprint2|2019-09-28T16:42:17.460Z|2019-10-14T10:50:31.946Z|2019-10-07|2019-10-13|closed|2607|Distribucion de issues|closed
1023|315|1119||Sprint2|2019-09-28T16:42:17.460Z|2019-10-14T10:50:31.946Z|2019-10-07|2019-10-13|closed|2597|ImplementarNoticia|closed
1023|315|1119||Sprint2|2019-09-28T16:42:17.460Z|2019-10-14T10:50:31.946Z|2019-10-07|2019-10-13|closed|2579|Meeting|closed
1023|315|1118||Sprint1|2019-09-28T16:42:17.273Z|2019-10-07T16:45:53.656Z|2019-09-30|2019-10-06|closed|||
1024|318|1135||Sprint4|2019-09-28T16:42:21.142Z|2019-09-28T16:42:21.142Z|2019-11-25|2019-12-01|active|||
1024|318|1134||Sprint3|2019-09-28T16:42:21.005Z|2019-09-28T16:42:21.005Z|2019-11-18|2019-11-24|active|||
1024|318|1133||Sprint2|2019-09-28T16:42:20.895Z|2019-09-28T16:42:20.895Z|2019-11-11|2019-11-17|active|||
1024|318|1132||Sprint1|2019-09-28T16:42:20.763Z|2019-09-28T16:42:20.763Z|2019-11-04|2019-11-10|active|||
1024|317|1131||Sprint5|2019-09-28T16:42:20.051Z|2019-09-28T16:42:20.051Z|2019-10-28|2019-11-03|active|2904|Gestión de errores en la creación de noticias|closed
1024|317|1131||Sprint5|2019-09-28T16:42:20.051Z|2019-09-28T16:42:20.051Z|2019-10-28|2019-11-03|active|2903|Funcionalidad opcional de la práctica.|closed
1024|317|1131||Sprint5|2019-09-28T16:42:20.051Z|2019-09-28T16:42:20.051Z|2019-10-28|2019-11-03|active|2902|Gestión de errores en la petición|closed
1024|317|1131||Sprint5|2019-09-28T16:42:20.051Z|2019-09-28T16:42:20.051Z|2019-10-28|2019-11-03|active|2901|Representación de una fecha|closed
1024|317|1131||Sprint5|2019-09-28T16:42:20.051Z|2019-09-28T16:42:20.051Z|2019-10-28|2019-11-03|active|2896|Meeting Sprint 5|closed
1024|317|1131||Sprint5|2019-09-28T16:42:20.051Z|2019-09-28T16:42:20.051Z|2019-10-28|2019-11-03|active|2849|Logout|closed
1024|317|1131||Sprint5|2019-09-28T16:42:20.051Z|2019-09-28T16:42:20.051Z|2019-10-28|2019-11-03|active|2848|Bug Inicio de sesión|closed
1024|317|1130||Sprint4|2019-09-28T16:42:19.932Z|2019-09-28T16:42:19.932Z|2019-10-21|2019-10-27|active|2847|Meeting Sprint3-Sprint4|closed
1024|317|1130||Sprint4|2019-09-28T16:42:19.932Z|2019-09-28T16:42:19.932Z|2019-10-21|2019-10-27|active|2452|Introducir Noticias por Fichero|closed
1024|317|1130||Sprint4|2019-09-28T16:42:19.932Z|2019-09-28T16:42:19.932Z|2019-10-21|2019-10-27|active|2451|Introducir Noticias por StdIn|closed
1024|317|1130||Sprint4|2019-09-28T16:42:19.932Z|2019-09-28T16:42:19.932Z|2019-10-21|2019-10-27|active|2450|Introducir Noticias|closed
1024|317|1130||Sprint4|2019-09-28T16:42:19.932Z|2019-09-28T16:42:19.932Z|2019-10-21|2019-10-27|active|2449|Filtrar por palabra clave|closed
1024|317|1130||Sprint4|2019-09-28T16:42:19.932Z|2019-09-28T16:42:19.932Z|2019-10-21|2019-10-27|active|2448|Filtrar por fecha|closed
1024|317|1130||Sprint4|2019-09-28T16:42:19.932Z|2019-09-28T16:42:19.932Z|2019-10-21|2019-10-27|active|2447|Filtrar por temática|closed
1024|317|1130||Sprint4|2019-09-28T16:42:19.932Z|2019-09-28T16:42:19.932Z|2019-10-21|2019-10-27|active|2446|Filtrar Noticias|closed
1024|317|1130||Sprint4|2019-09-28T16:42:19.932Z|2019-09-28T16:42:19.932Z|2019-10-21|2019-10-27|active|2445|Envío del usuario y privilegio al Gestor|closed
1024|317|1130||Sprint4|2019-09-28T16:42:19.932Z|2019-09-28T16:42:19.932Z|2019-10-21|2019-10-27|active|2444|Creación de la conexión|closed
1024|317|1130||Sprint4|2019-09-28T16:42:19.932Z|2019-09-28T16:42:19.932Z|2019-10-21|2019-10-27|active|2443|Login de Usuario|closed
1024|317|1130||Sprint4|2019-09-28T16:42:19.932Z|2019-09-28T16:42:19.932Z|2019-10-21|2019-10-27|active|2442|Conexión Gestor/Cliente|closed
1024|317|1130||Sprint4|2019-09-28T16:42:19.932Z|2019-09-28T16:42:19.932Z|2019-10-21|2019-10-27|active|2441|Envío de noticias de Gestor a Cliente|closed
1024|317|1130||Sprint4|2019-09-28T16:42:19.932Z|2019-09-28T16:42:19.932Z|2019-10-21|2019-10-27|active|2440|Petición de consulta del cliente al servidor|closed
1024|317|1130||Sprint4|2019-09-28T16:42:19.932Z|2019-09-28T16:42:19.932Z|2019-10-21|2019-10-27|active|2439|Consulta de noticias|closed
1024|317|1129||Sprint3|2019-09-28T16:42:19.821Z|2019-09-28T16:42:19.821Z|2019-10-14|2019-10-20|active|2686|Librerías|closed
1024|317|1129||Sprint3|2019-09-28T16:42:19.821Z|2019-09-28T16:42:19.821Z|2019-10-14|2019-10-20|active|2685|Makefile|closed
1024|317|1129||Sprint3|2019-09-28T16:42:19.821Z|2019-09-28T16:42:19.821Z|2019-10-14|2019-10-20|active|2684|Meeting Sprint2-Sprint3|closed
1024|317|1128||Sprint2|2019-09-28T16:42:19.686Z|2019-09-28T16:42:19.686Z|2019-10-07|2019-10-13|active|2596|.gitignore|closed
1024|317|1128||Sprint2|2019-09-28T16:42:19.686Z|2019-09-28T16:42:19.686Z|2019-10-07|2019-10-13|active|2595|ReadMe|closed
1024|317|1128||Sprint2|2019-09-28T16:42:19.686Z|2019-09-28T16:42:19.686Z|2019-10-07|2019-10-13|active|2438|Clases Java|closed
1024|317|1127||Sprint1|2019-09-28T16:42:19.539Z|2019-09-28T16:42:19.539Z|2019-09-30|2019-10-06|active|2437|Primer Meeting: Planificación del primer Sprint|closed
1025|320|1144||Sprint4|2019-09-28T16:42:25.795Z|2019-09-28T16:42:25.795Z|2019-11-25|2019-12-01|active|||
1025|320|1143||Sprint3|2019-09-28T16:42:25.638Z|2019-09-28T16:42:25.638Z|2019-11-18|2019-11-24|active|||
1025|320|1142||Sprint2|2019-09-28T16:42:25.521Z|2019-09-28T16:42:25.521Z|2019-11-11|2019-11-17|active|||
1025|320|1141||Sprint1|2019-09-28T16:42:25.369Z|2019-09-28T16:42:25.369Z|2019-11-04|2019-11-10|active|||
1025|319|1140||Sprint5|2019-09-28T16:42:22.415Z|2019-09-28T16:42:22.415Z|2019-10-28|2019-11-03|active|2965|Escribir noticias por pantalla falla|closed
1025|319|1140||Sprint5|2019-09-28T16:42:22.415Z|2019-09-28T16:42:22.415Z|2019-10-28|2019-11-03|active|2964|Buscar noticias por fecha|closed
1025|319|1140||Sprint5|2019-09-28T16:42:22.415Z|2019-09-28T16:42:22.415Z|2019-10-28|2019-11-03|active|2931|Gestor crea una noticia a partir de un fichero|closed
1025|319|1140||Sprint5|2019-09-28T16:42:22.415Z|2019-09-28T16:42:22.415Z|2019-10-28|2019-11-03|active|2928|Meeting 5|closed
1025|319|1140||Sprint5|2019-09-28T16:42:22.415Z|2019-09-28T16:42:22.415Z|2019-10-28|2019-11-03|active|2862|Cliente lee noticias|closed
1025|319|1139||Sprint4|2019-09-28T16:42:22.284Z|2019-09-28T16:42:22.284Z|2019-10-21|2019-10-27|active|2864|Gestor envía noticias a los clientes|closed
1025|319|1139||Sprint4|2019-09-28T16:42:22.284Z|2019-09-28T16:42:22.284Z|2019-10-21|2019-10-27|active|2863|Gestor crea noticias a través de la consola|closed
1025|319|1139||Sprint4|2019-09-28T16:42:22.284Z|2019-09-28T16:42:22.284Z|2019-10-21|2019-10-27|active|2859|Meeting 4|closed
1025|319|1138||Sprint3|2019-09-28T16:42:22.113Z|2019-09-28T16:42:22.113Z|2019-10-14|2019-10-20|active|2732|Cliente envía una petición con las noticias que quiere ver|closed
1025|319|1138||Sprint3|2019-09-28T16:42:22.113Z|2019-09-28T16:42:22.113Z|2019-10-14|2019-10-20|active|2731|Cliente se logea en la agencia de noticias usando Map Message.|closed
1025|319|1138||Sprint3|2019-09-28T16:42:22.113Z|2019-09-28T16:42:22.113Z|2019-10-14|2019-10-20|active|2730|Cliente se logea en el gestor y manda petición de noticias|closed
1025|319|1138||Sprint3|2019-09-28T16:42:22.113Z|2019-09-28T16:42:22.113Z|2019-10-14|2019-10-20|active|2728|Meeting 3|closed
1025|319|1137||Sprint2|2019-09-28T16:42:21.973Z|2019-09-28T16:42:21.973Z|2019-10-07|2019-10-13|active|2663|Comunicación síncrona entre un consumidor y un productor mediante JMS y colas|closed
1025|319|1137||Sprint2|2019-09-28T16:42:21.973Z|2019-09-28T16:42:21.973Z|2019-10-07|2019-10-13|active|2662|Desarrollo de un elemento de comunicación síncrona entre un consumidor y un productor|closed
1025|319|1137||Sprint2|2019-09-28T16:42:21.973Z|2019-09-28T16:42:21.973Z|2019-10-07|2019-10-13|active|2659|Meeting 2|closed
1025|319|1136||Sprint1|2019-09-28T16:42:21.819Z|2019-09-28T16:42:21.819Z|2019-09-30|2019-10-06|active|2496|Instalación openmq y ejecucion HelloWorldClass.java|closed
1025|319|1136||Sprint1|2019-09-28T16:42:21.819Z|2019-09-28T16:42:21.819Z|2019-09-30|2019-10-06|active|2488|Instalación openmq y ejecucion HelloWorldClass.java|closed
1025|319|1136||Sprint1|2019-09-28T16:42:21.819Z|2019-09-28T16:42:21.819Z|2019-09-30|2019-10-06|active|2487|Meeting 1|closed
1026|322|1153||Sprint4|2019-09-28T16:42:29.740Z|2019-09-28T16:42:29.740Z|2019-11-25|2019-12-01|active|||
1026|322|1152||Sprint3|2019-09-28T16:42:29.630Z|2019-09-28T16:42:29.630Z|2019-11-18|2019-11-24|active|||
1026|322|1151||Sprint2|2019-09-28T16:42:29.516Z|2019-09-28T16:42:29.516Z|2019-11-11|2019-11-17|active|||
1026|322|1150||Sprint1|2019-09-28T16:42:29.393Z|2019-09-28T16:42:29.393Z|2019-11-04|2019-11-10|active|||
1026|321|1149||Sprint5|2019-09-28T16:42:27.788Z|2019-09-28T16:42:27.788Z|2019-10-28|2019-11-03|active|3018|Terminar de comentar codigo|closed
1026|321|1149||Sprint5|2019-09-28T16:42:27.788Z|2019-09-28T16:42:27.788Z|2019-10-28|2019-11-03|active|3017|Crear README|closed
1026|321|1149||Sprint5|2019-09-28T16:42:27.788Z|2019-09-28T16:42:27.788Z|2019-10-28|2019-11-03|active|3014|Diferenciar Login de Petición en Gestor|closed
1026|321|1149||Sprint5|2019-09-28T16:42:27.788Z|2019-09-28T16:42:27.788Z|2019-10-28|2019-11-03|active|3013|Crear método para verificar clientes|closed
1026|321|1149||Sprint5|2019-09-28T16:42:27.788Z|2019-09-28T16:42:27.788Z|2019-10-28|2019-11-03|active|2938|Crear esqueleto del proyecto|closed
1026|321|1149||Sprint5|2019-09-28T16:42:27.788Z|2019-09-28T16:42:27.788Z|2019-10-28|2019-11-03|active|2937|Eliminar clase Fecha|closed
1026|321|1149||Sprint5|2019-09-28T16:42:27.788Z|2019-09-28T16:42:27.788Z|2019-10-28|2019-11-03|active|2924|Leer varias noticias desde un fichero|opened
1026|321|1149||Sprint5|2019-09-28T16:42:27.788Z|2019-09-28T16:42:27.788Z|2019-10-28|2019-11-03|active|2915|Reunión 6|closed
1026|321|1149||Sprint5|2019-09-28T16:42:27.788Z|2019-09-28T16:42:27.788Z|2019-10-28|2019-11-03|active|2914|Crear clase Petición|closed
1026|321|1149||Sprint5|2019-09-28T16:42:27.788Z|2019-09-28T16:42:27.788Z|2019-10-28|2019-11-03|active|2913|Eliminar clase Mensaje|closed
1026|321|1149||Sprint5|2019-09-28T16:42:27.788Z|2019-09-28T16:42:27.788Z|2019-10-28|2019-11-03|active|2912|Crear interfaz gestor|closed
1026|321|1149||Sprint5|2019-09-28T16:42:27.788Z|2019-09-28T16:42:27.788Z|2019-10-28|2019-11-03|active|2911|Crear interfaz cliente|closed
1026|321|1149||Sprint5|2019-09-28T16:42:27.788Z|2019-09-28T16:42:27.788Z|2019-10-28|2019-11-03|active|2910|Reunión 5|closed
1026|321|1148||Sprint4|2019-09-28T16:42:27.653Z|2019-09-28T16:42:27.653Z|2019-10-21|2019-10-27|active|2824|Añadir funcionalidad extra (Free o Premium)|closed
1026|321|1148||Sprint4|2019-09-28T16:42:27.653Z|2019-09-28T16:42:27.653Z|2019-10-21|2019-10-27|active|2823|Crear filtro noticia por fecha|closed
1026|321|1148||Sprint4|2019-09-28T16:42:27.653Z|2019-09-28T16:42:27.653Z|2019-10-21|2019-10-27|active|2822|Crear filtro noticias por palabra clave|closed
1026|321|1148||Sprint4|2019-09-28T16:42:27.653Z|2019-09-28T16:42:27.653Z|2019-10-21|2019-10-27|active|2821|Crear filtro noticias por temática|closed
1026|321|1148||Sprint4|2019-09-28T16:42:27.653Z|2019-09-28T16:42:27.653Z|2019-10-21|2019-10-27|active|2820|Crear Filtro Noticias|closed
1026|321|1148||Sprint4|2019-09-28T16:42:27.653Z|2019-09-28T16:42:27.653Z|2019-10-21|2019-10-27|active|2819|Implementar opción consulta noticias|closed
1026|321|1148||Sprint4|2019-09-28T16:42:27.653Z|2019-09-28T16:42:27.653Z|2019-10-21|2019-10-27|active|2816|Cambiar fecha usando Date|closed
1026|321|1148||Sprint4|2019-09-28T16:42:27.653Z|2019-09-28T16:42:27.653Z|2019-10-21|2019-10-27|active|2815|Hacer clase Mensaje|closed
1026|321|1148||Sprint4|2019-09-28T16:42:27.653Z|2019-09-28T16:42:27.653Z|2019-10-21|2019-10-27|active|2814|Reunión 4|closed
1026|321|1147||Sprint3|2019-09-28T16:42:27.498Z|2019-09-28T16:42:27.498Z|2019-10-14|2019-10-20|active|2683|Pasar noticias por pantalla|closed
1026|321|1147||Sprint3|2019-09-28T16:42:27.498Z|2019-09-28T16:42:27.498Z|2019-10-14|2019-10-20|active|2682|Pasar noticias por fichero|closed
1026|321|1147||Sprint3|2019-09-28T16:42:27.498Z|2019-09-28T16:42:27.498Z|2019-10-14|2019-10-20|active|2681|Completar clase Noticia|closed
1026|321|1147||Sprint3|2019-09-28T16:42:27.498Z|2019-09-28T16:42:27.498Z|2019-10-14|2019-10-20|active|2680|Crear Lista Noticias|closed
1026|321|1147||Sprint3|2019-09-28T16:42:27.498Z|2019-09-28T16:42:27.498Z|2019-10-14|2019-10-20|active|2679|Insertar noticias|closed
1026|321|1147||Sprint3|2019-09-28T16:42:27.498Z|2019-09-28T16:42:27.498Z|2019-10-14|2019-10-20|active|2678|Almacenar clientes|closed
1026|321|1147||Sprint3|2019-09-28T16:42:27.498Z|2019-09-28T16:42:27.498Z|2019-10-14|2019-10-20|active|2677|Implementar en Servidor|closed
1026|321|1147||Sprint3|2019-09-28T16:42:27.498Z|2019-09-28T16:42:27.498Z|2019-10-14|2019-10-20|active|2676|Implementar en cliente|closed
1026|321|1147||Sprint3|2019-09-28T16:42:27.498Z|2019-09-28T16:42:27.498Z|2019-10-14|2019-10-20|active|2675|Crear login|closed
1026|321|1147||Sprint3|2019-09-28T16:42:27.498Z|2019-09-28T16:42:27.498Z|2019-10-14|2019-10-20|active|2674|Reunión 3|closed
1026|321|1146||Sprint2|2019-09-28T16:42:27.371Z|2019-09-28T16:42:27.371Z|2019-10-07|2019-10-13|active|2658|Diseñar proceso de comunicación entre las diferentes clases|closed
1026|321|1146||Sprint2|2019-09-28T16:42:27.371Z|2019-09-28T16:42:27.371Z|2019-10-07|2019-10-13|active|2657|Crear clase gestor|closed
1026|321|1146||Sprint2|2019-09-28T16:42:27.371Z|2019-09-28T16:42:27.371Z|2019-10-07|2019-10-13|active|2656|Completar clase Cliente|closed
1026|321|1146||Sprint2|2019-09-28T16:42:27.371Z|2019-09-28T16:42:27.371Z|2019-10-07|2019-10-13|active|2655|Completar clase Noticia|closed
1026|321|1145||Sprint1|2019-09-28T16:42:27.217Z|2019-10-06T17:31:11.467Z|2019-09-30|2019-10-06|closed|2573|Creación clase Cliente|closed
1026|321|1145||Sprint1|2019-09-28T16:42:27.217Z|2019-10-06T17:31:11.467Z|2019-09-30|2019-10-06|closed|2572|Creación de la clase Noticia con sus atributos|closed
1026|321|1145||Sprint1|2019-09-28T16:42:27.217Z|2019-10-06T17:31:11.467Z|2019-09-30|2019-10-06|closed|2571|Instalar entorno de desarrollo y software asociado|closed
1026|321|1145||Sprint1|2019-09-28T16:42:27.217Z|2019-10-06T17:31:11.467Z|2019-09-30|2019-10-06|closed|2564|Reunión I|closed
1009|324|1162||Sprint4|2019-09-28T16:42:34.089Z|2019-09-28T16:42:34.089Z|2019-11-25|2019-12-01|active|||
1009|324|1161||Sprint3|2019-09-28T16:42:33.938Z|2019-09-28T16:42:33.938Z|2019-11-18|2019-11-24|active|||
1009|324|1160||Sprint2|2019-09-28T16:42:33.124Z|2019-09-28T16:42:33.124Z|2019-11-11|2019-11-17|active|||
1009|324|1159||Sprint1|2019-09-28T16:42:32.980Z|2019-09-28T16:42:32.980Z|2019-11-04|2019-11-10|active|||
1009|323|1158||Sprint5|2019-09-28T16:42:32.015Z|2019-11-03T22:51:12.583Z|2019-10-28|2019-11-03|closed|2998|Sanear entrada al crear noticias en el gestor|closed
1009|323|1158||Sprint5|2019-09-28T16:42:32.015Z|2019-11-03T22:51:12.583Z|2019-10-28|2019-11-03|closed|2927|Crear disparadores|closed
1009|323|1158||Sprint5|2019-09-28T16:42:32.015Z|2019-11-03T22:51:12.583Z|2019-10-28|2019-11-03|closed|2925|Introducir constantes para los valores que no cambian|closed
1009|323|1158||Sprint5|2019-09-28T16:42:32.015Z|2019-11-03T22:51:12.583Z|2019-10-28|2019-11-03|closed|2884|Gestor quita clientes cuando estos se desconectan|closed
1009|323|1158||Sprint5|2019-09-28T16:42:32.015Z|2019-11-03T22:51:12.583Z|2019-10-28|2019-11-03|closed|2809|Memoria del proyecto|closed
1009|323|1157||Sprint4|2019-09-28T16:42:31.854Z|2019-10-27T22:13:33.149Z|2019-10-21|2019-10-27|closed|2857|Cerrar conexiones en el Gestor|closed
1009|323|1157||Sprint4|2019-09-28T16:42:31.854Z|2019-10-27T22:13:33.149Z|2019-10-21|2019-10-27|closed|2856|Gestionar usuarios con nombres iguales|closed
1009|323|1157||Sprint4|2019-09-28T16:42:31.854Z|2019-10-27T22:13:33.149Z|2019-10-21|2019-10-27|closed|2834|Topic por defecto en el Cliente|closed
1009|323|1157||Sprint4|2019-09-28T16:42:31.854Z|2019-10-27T22:13:33.149Z|2019-10-21|2019-10-27|closed|2833|Cerrar colas de remitente en el Cliente|closed
1009|323|1157||Sprint4|2019-09-28T16:42:31.854Z|2019-10-27T22:13:33.149Z|2019-10-21|2019-10-27|closed|2826|Permitir acumular filtros desde la CLI de cliente|closed
1009|323|1157||Sprint4|2019-09-28T16:42:31.854Z|2019-10-27T22:13:33.149Z|2019-10-21|2019-10-27|closed|2825|Topic por defecto en el Gestor|closed
1009|323|1157||Sprint4|2019-09-28T16:42:31.854Z|2019-10-27T22:13:33.149Z|2019-10-21|2019-10-27|closed|2570|gestorDevuelveNoticia.extra|closed
1009|323|1157||Sprint4|2019-09-28T16:42:31.854Z|2019-10-27T22:13:33.149Z|2019-10-21|2019-10-27|closed|2565|gestorDevuelveNoticia|closed
1009|323|1156||Sprint3|2019-09-28T16:42:31.686Z|2019-10-20T20:15:29.254Z|2019-10-14|2019-10-20|closed|2799|Los filtros del cliente deben ser apilables|closed
1009|323|1156||Sprint3|2019-09-28T16:42:31.686Z|2019-10-20T20:15:29.254Z|2019-10-14|2019-10-20|closed|2798|gestorCreaNoticia.clasificaNoticia|closed
1009|323|1156||Sprint3|2019-09-28T16:42:31.686Z|2019-10-20T20:15:29.254Z|2019-10-14|2019-10-20|closed|2797|gestorCLI.listarNoticias|closed
1009|323|1156||Sprint3|2019-09-28T16:42:31.686Z|2019-10-20T20:15:29.254Z|2019-10-14|2019-10-20|closed|2796|Corregir archivo noticias|closed
1009|323|1156||Sprint3|2019-09-28T16:42:31.686Z|2019-10-20T20:15:29.254Z|2019-10-14|2019-10-20|closed|2669|Preparar un archivo de noticias (para testear)|closed
1009|323|1156||Sprint3|2019-09-28T16:42:31.686Z|2019-10-20T20:15:29.254Z|2019-10-14|2019-10-20|closed|2668|clienteVisualizarNoticias|closed
1009|323|1156||Sprint3|2019-09-28T16:42:31.686Z|2019-10-20T20:15:29.254Z|2019-10-14|2019-10-20|closed|2568|gestorDevuelveNoticia.filtroFecha|closed
1009|323|1156||Sprint3|2019-09-28T16:42:31.686Z|2019-10-20T20:15:29.254Z|2019-10-14|2019-10-20|closed|2567|gestorDevuelveNoticia.filtroPalabraClave|closed
1009|323|1156||Sprint3|2019-09-28T16:42:31.686Z|2019-10-20T20:15:29.254Z|2019-10-14|2019-10-20|closed|2563|gestorCrearNoticia.fichero|closed
1009|323|1156||Sprint3|2019-09-28T16:42:31.686Z|2019-10-20T20:15:29.254Z|2019-10-14|2019-10-20|closed|2562|gestorCrearNoticia.consola|closed
1009|323|1155||Sprint2|2019-09-28T16:42:31.571Z|2019-10-20T17:54:22.656Z|2019-10-07|2019-10-13|closed|2667|Conectar gestor con el cliente|closed
1009|323|1155||Sprint2|2019-09-28T16:42:31.571Z|2019-10-20T17:54:22.656Z|2019-10-07|2019-10-13|closed|2593|gestorCrearNoticia.fichero.parsear|closed
1009|323|1155||Sprint2|2019-09-28T16:42:31.571Z|2019-10-20T17:54:22.656Z|2019-10-07|2019-10-13|closed|2592|Reunión para dividir tareas|closed
1009|323|1155||Sprint2|2019-09-28T16:42:31.571Z|2019-10-20T17:54:22.656Z|2019-10-07|2019-10-13|closed|2575|gestorCLI|closed
1009|323|1155||Sprint2|2019-09-28T16:42:31.571Z|2019-10-20T17:54:22.656Z|2019-10-07|2019-10-13|closed|2574|clienteCLI|closed
1009|323|1155||Sprint2|2019-09-28T16:42:31.571Z|2019-10-20T17:54:22.656Z|2019-10-07|2019-10-13|closed|2560|clienteVisualizarNoticias.queryNoticias|closed
1009|323|1155||Sprint2|2019-09-28T16:42:31.571Z|2019-10-20T17:54:22.656Z|2019-10-07|2019-10-13|closed|2559|clienteVisualizarNoticias.logearse|closed
1009|323|1155||Sprint2|2019-09-28T16:42:31.571Z|2019-10-20T17:54:22.656Z|2019-10-07|2019-10-13|closed|2558|clienteVisualizarNoticias.imprimePantalla|closed
1009|323|1155||Sprint2|2019-09-28T16:42:31.571Z|2019-10-20T17:54:22.656Z|2019-10-07|2019-10-13|closed|2557|Conectar cliente con el gestor|closed
1009|323|1154||Sprint1|2019-09-28T16:42:31.434Z|2019-10-09T14:15:04.956Z|2019-09-30|2019-10-06|closed|2569|Crear tipo de datos noticia|closed
1009|323|1154||Sprint1|2019-09-28T16:42:31.434Z|2019-10-09T14:15:04.956Z|2019-09-30|2019-10-06|closed|2556|Crear el gestor|closed
1009|323|1154||Sprint1|2019-09-28T16:42:31.434Z|2019-10-09T14:15:04.956Z|2019-09-30|2019-10-06|closed|2555|Crear el cliente|closed
1009|323|1154||Sprint1|2019-09-28T16:42:31.434Z|2019-10-09T14:15:04.956Z|2019-09-30|2019-10-06|closed|2554|Inicializar el repositorio|closed
1009|323|1154||Sprint1|2019-09-28T16:42:31.434Z|2019-10-09T14:15:04.956Z|2019-09-30|2019-10-06|closed|2553|Primera reunión para decidir y asignar las tareas|closed
1027|326|1171||Sprint4|2019-09-28T16:42:38.792Z|2019-09-28T16:42:38.792Z|2019-11-25|2019-12-01|active|||
1027|326|1170||Sprint3|2019-09-28T16:42:38.684Z|2019-09-28T16:42:38.684Z|2019-11-18|2019-11-24|active|||
1027|326|1169||Sprint2|2019-09-28T16:42:38.547Z|2019-09-28T16:42:38.547Z|2019-11-11|2019-11-17|active|||
1027|326|1168||Sprint1|2019-09-28T16:42:38.427Z|2019-09-28T16:42:38.427Z|2019-11-04|2019-11-10|active|||
1027|325|1167||Sprint5|2019-09-28T16:42:36.574Z|2019-09-28T16:42:36.574Z|2019-10-28|2019-11-03|active|3012|Completar threadGestor|closed
1027|325|1167||Sprint5|2019-09-28T16:42:36.574Z|2019-09-28T16:42:36.574Z|2019-10-28|2019-11-03|active|3011|Añadir noticias añadidas a sus Arraylist correspondientes|closed
1027|325|1167||Sprint5|2019-09-28T16:42:36.574Z|2019-09-28T16:42:36.574Z|2019-10-28|2019-11-03|active|3010|Método toString() clase Fecha|closed
1027|325|1167||Sprint5|2019-09-28T16:42:36.574Z|2019-09-28T16:42:36.574Z|2019-10-28|2019-11-03|active|3009|Terminar interfaz Cliente|closed
1027|325|1167||Sprint5|2019-09-28T16:42:36.574Z|2019-09-28T16:42:36.574Z|2019-10-28|2019-11-03|active|3008|Crear conexión clase Cliente|closed
1027|325|1167||Sprint5|2019-09-28T16:42:36.574Z|2019-09-28T16:42:36.574Z|2019-10-28|2019-11-03|active|3002|Reubicación de archivos|closed
1027|325|1167||Sprint5|2019-09-28T16:42:36.574Z|2019-09-28T16:42:36.574Z|2019-10-28|2019-11-03|active|2955|Rectificar la clase noticia y los parámetros|closed
1027|325|1167||Sprint5|2019-09-28T16:42:36.574Z|2019-09-28T16:42:36.574Z|2019-10-28|2019-11-03|active|2954|Método comprobarFecha()|closed
1027|325|1167||Sprint5|2019-09-28T16:42:36.574Z|2019-09-28T16:42:36.574Z|2019-10-28|2019-11-03|active|2909|Función fechaMayor|closed
1027|325|1167||Sprint5|2019-09-28T16:42:36.574Z|2019-09-28T16:42:36.574Z|2019-10-28|2019-11-03|active|2908|Función comprobarFecha|closed
1027|325|1167||Sprint5|2019-09-28T16:42:36.574Z|2019-09-28T16:42:36.574Z|2019-10-28|2019-11-03|active|2907|Clase auxiliar PalClave|closed
1027|325|1167||Sprint5|2019-09-28T16:42:36.574Z|2019-09-28T16:42:36.574Z|2019-10-28|2019-11-03|active|2768|Eliminar src con el código|closed
1027|325|1167||Sprint5|2019-09-28T16:42:36.574Z|2019-09-28T16:42:36.574Z|2019-10-28|2019-11-03|active|2767|Eliminar clases compiladas|closed
1027|325|1167||Sprint5|2019-09-28T16:42:36.574Z|2019-09-28T16:42:36.574Z|2019-10-28|2019-11-03|active|2766|Crear Readme|closed
1027|325|1167||Sprint5|2019-09-28T16:42:36.574Z|2019-09-28T16:42:36.574Z|2019-10-28|2019-11-03|active|2765|Crear memoria de la prática|closed
1027|325|1167||Sprint5|2019-09-28T16:42:36.574Z|2019-09-28T16:42:36.574Z|2019-10-28|2019-11-03|active|2764|Método: devolver por temática|closed
1027|325|1167||Sprint5|2019-09-28T16:42:36.574Z|2019-09-28T16:42:36.574Z|2019-10-28|2019-11-03|active|2763|Método: encontrar datos de una fecha|closed
1027|325|1166||Sprint4|2019-09-28T16:42:36.456Z|2019-10-28T08:54:47.546Z|2019-10-21|2019-10-27|closed|2882|Cuarto meeting|closed
1027|325|1166||Sprint4|2019-09-28T16:42:36.456Z|2019-10-28T08:54:47.546Z|2019-10-21|2019-10-27|closed|2881|Corregir creación de noticias en la clase Gestor|closed
1027|325|1166||Sprint4|2019-09-28T16:42:36.456Z|2019-10-28T08:54:47.546Z|2019-10-21|2019-10-27|closed|2818|Crear clase Fecha|closed
1027|325|1166||Sprint4|2019-09-28T16:42:36.456Z|2019-10-28T08:54:47.546Z|2019-10-21|2019-10-27|closed|2817|Tercer meeting|closed
1027|325|1166||Sprint4|2019-09-28T16:42:36.456Z|2019-10-28T08:54:47.546Z|2019-10-21|2019-10-27|closed|2762|Creación de la entrada por fichero|closed
1027|325|1166||Sprint4|2019-09-28T16:42:36.456Z|2019-10-28T08:54:47.546Z|2019-10-21|2019-10-27|closed|2652|Crear entrada de datos de Gestor y crear noticia|closed
1027|325|1166||Sprint4|2019-09-28T16:42:36.456Z|2019-10-28T08:54:47.546Z|2019-10-21|2019-10-27|closed|2651|Thread de tratamiento de petición|closed
1027|325|1166||Sprint4|2019-09-28T16:42:36.456Z|2019-10-28T08:54:47.546Z|2019-10-21|2019-10-27|closed|2650|Thread principal de Gestor|closed
1027|325|1165||Sprint3|2019-09-28T16:42:34.959Z|2019-10-21T12:00:35.504Z|2019-10-14|2019-10-20|closed|2761|Clase de auxiliares|closed
1027|325|1165||Sprint3|2019-09-28T16:42:34.959Z|2019-10-21T12:00:35.504Z|2019-10-14|2019-10-20|closed|2760|Segundo meeting|closed
1027|325|1164||Sprint2|2019-09-28T16:42:34.843Z|2019-10-14T10:48:31.005Z|2019-10-07|2019-10-13|closed|2653|Login Cliente y tipo de busqueda|closed
1027|325|1164||Sprint2|2019-09-28T16:42:34.843Z|2019-10-14T10:48:31.005Z|2019-10-07|2019-10-13|closed|2635|Crear la clase Noticia|closed
1027|325|1164||Sprint2|2019-09-28T16:42:34.843Z|2019-10-14T10:48:31.005Z|2019-10-07|2019-10-13|closed|2634|Cliente|closed
1027|325|1164||Sprint2|2019-09-28T16:42:34.843Z|2019-10-14T10:48:31.005Z|2019-10-07|2019-10-13|closed|2633|Gestor|closed
1027|325|1164||Sprint2|2019-09-28T16:42:34.843Z|2019-10-14T10:48:31.005Z|2019-10-07|2019-10-13|closed|2589|Primer meeting|closed
1027|325|1163||Sprint1|2019-09-28T16:42:34.727Z|2019-10-07T16:34:18.183Z|2019-09-30|2019-10-06|closed|||
1028|328|1180||Sprint4|2019-09-28T16:42:43.030Z|2019-09-28T16:42:43.030Z|2019-11-25|2019-12-01|active|||
1028|328|1179||Sprint3|2019-09-28T16:42:42.885Z|2019-09-28T16:42:42.885Z|2019-11-18|2019-11-24|active|||
1028|328|1178||Sprint2|2019-09-28T16:42:42.738Z|2019-09-28T16:42:42.738Z|2019-11-11|2019-11-17|active|||
1028|328|1177||Sprint1|2019-09-28T16:42:42.593Z|2019-09-28T16:42:42.593Z|2019-11-04|2019-11-10|active|||
1028|327|1176||Sprint5|2019-09-28T16:42:40.963Z|2019-09-28T16:42:40.963Z|2019-10-28|2019-11-03|active|||
1028|327|1175||Sprint4|2019-09-28T16:42:40.844Z|2019-09-28T16:42:40.844Z|2019-10-21|2019-10-27|active|||
1028|327|1174||Sprint3|2019-09-28T16:42:40.718Z|2019-09-28T16:42:40.718Z|2019-10-14|2019-10-20|active|||
1028|327|1173||Sprint2|2019-09-28T16:42:40.605Z|2019-09-28T16:42:40.605Z|2019-10-07|2019-10-13|active|||
1028|327|1172||Sprint1|2019-09-28T16:42:40.446Z|2019-09-28T16:42:40.446Z|2019-09-30|2019-10-06|active|||
1029|330|1189||Sprint4|2019-09-28T16:42:48.812Z|2019-09-28T16:42:48.812Z|2019-11-25|2019-12-01|active|||
1029|330|1188||Sprint3|2019-09-28T16:42:48.705Z|2019-09-28T16:42:48.705Z|2019-11-18|2019-11-24|active|||
1029|330|1187||Sprint2|2019-09-28T16:42:48.561Z|2019-09-28T16:42:48.561Z|2019-11-11|2019-11-17|active|||
1029|330|1186||Sprint1|2019-09-28T16:42:48.395Z|2019-09-28T16:42:48.395Z|2019-11-04|2019-11-10|active|||
1029|329|1185||Sprint5|2019-09-28T16:42:46.936Z|2019-09-28T16:42:46.936Z|2019-10-28|2019-11-03|active|||
1029|329|1184||Sprint4|2019-09-28T16:42:46.796Z|2019-09-28T16:42:46.796Z|2019-10-21|2019-10-27|active|||
1029|329|1183||Sprint3|2019-09-28T16:42:46.687Z|2019-09-28T16:42:46.687Z|2019-10-14|2019-10-20|active|||
1029|329|1182||Sprint2|2019-09-28T16:42:46.541Z|2019-09-28T16:42:46.541Z|2019-10-07|2019-10-13|active|||
1029|329|1181||Sprint1|2019-09-28T16:42:46.402Z|2019-09-28T16:42:46.402Z|2019-09-30|2019-10-06|active|||
1033|332|1198||Sprint4|2019-09-28T16:42:52.205Z|2019-09-28T16:42:52.205Z|2019-11-25|2019-12-01|active|||
1033|332|1197||Sprint3|2019-09-28T16:42:51.717Z|2019-09-28T16:42:51.717Z|2019-11-18|2019-11-24|active|||
1033|332|1196||Sprint2|2019-09-28T16:42:51.564Z|2019-09-28T16:42:51.564Z|2019-11-11|2019-11-17|active|||
1033|332|1195||Sprint1|2019-09-28T16:42:51.424Z|2019-09-28T16:42:51.424Z|2019-11-04|2019-11-10|active|||
1033|331|1194||Sprint5|2019-09-28T16:42:49.891Z|2019-09-28T16:42:49.891Z|2019-10-28|2019-11-03|active|||
1033|331|1193||Sprint4|2019-09-28T16:42:49.746Z|2019-09-28T16:42:49.746Z|2019-10-21|2019-10-27|active|||
1033|331|1192||Sprint3|2019-09-28T16:42:49.629Z|2019-09-28T16:42:49.629Z|2019-10-14|2019-10-20|active|||
1033|331|1191||Sprint2|2019-09-28T16:42:49.514Z|2019-09-28T16:42:49.514Z|2019-10-07|2019-10-13|active|||
1033|331|1190||Sprint1|2019-09-28T16:42:49.353Z|2019-09-28T16:42:49.353Z|2019-09-30|2019-10-06|active|||
1010|334|1207||Sprint4|2019-09-28T16:42:57.844Z|2019-09-28T16:42:57.844Z|2019-11-25|2019-12-01|active|||
1010|334|1206||Sprint3|2019-09-28T16:42:57.729Z|2019-09-28T16:42:57.729Z|2019-11-18|2019-11-24|active|||
1010|334|1205||Sprint2|2019-09-28T16:42:57.605Z|2019-09-28T16:42:57.605Z|2019-11-11|2019-11-17|active|||
1010|334|1204||Sprint1|2019-09-28T16:42:57.456Z|2019-09-28T16:42:57.456Z|2019-11-04|2019-11-10|active|||
1010|333|1203||Sprint5|2019-09-28T16:42:53.898Z|2019-09-28T16:42:53.898Z|2019-10-28|2019-11-03|active|||
1010|333|1202||Sprint4|2019-09-28T16:42:53.783Z|2019-09-28T16:42:53.783Z|2019-10-21|2019-10-27|active|||
1010|333|1201||Sprint3|2019-09-28T16:42:53.649Z|2019-09-28T16:42:53.649Z|2019-10-14|2019-10-20|active|2717|Crear archivo para la base de datos|closed
1010|333|1201||Sprint3|2019-09-28T16:42:53.649Z|2019-09-28T16:42:53.649Z|2019-10-14|2019-10-20|active|2715|Crear los archivos para la configuracion de OpenMQ|closed
1010|333|1201||Sprint3|2019-09-28T16:42:53.649Z|2019-09-28T16:42:53.649Z|2019-10-14|2019-10-20|active|2714|Reunion|closed
1010|333|1201||Sprint3|2019-09-28T16:42:53.649Z|2019-09-28T16:42:53.649Z|2019-10-14|2019-10-20|active|2711|Reunion|closed
1010|333|1201||Sprint3|2019-09-28T16:42:53.649Z|2019-09-28T16:42:53.649Z|2019-10-14|2019-10-20|active|2710|Reunion|closed
1010|333|1201||Sprint3|2019-09-28T16:42:53.649Z|2019-09-28T16:42:53.649Z|2019-10-14|2019-10-20|active|2709|Reunion|closed
1010|333|1201||Sprint3|2019-09-28T16:42:53.649Z|2019-09-28T16:42:53.649Z|2019-10-14|2019-10-20|active|2708|Reunion|closed
1010|333|1200||Sprint2|2019-09-28T16:42:53.523Z|2019-09-28T16:42:53.523Z|2019-10-07|2019-10-13|active|||
1010|333|1199||Sprint1|2019-09-28T16:42:53.374Z|2019-09-28T16:42:53.374Z|2019-09-30|2019-10-06|active|2495|Bug: prueba1|closed
1010|333|1199||Sprint1|2019-09-28T16:42:53.374Z|2019-09-28T16:42:53.374Z|2019-09-30|2019-10-06|active|2492|Descargar estructura y sincronizar|closed
1010|333|1199||Sprint1|2019-09-28T16:42:53.374Z|2019-09-28T16:42:53.374Z|2019-09-30|2019-10-06|active|2491|Descargar estructura y sincronizar|closed
1010|333|1199||Sprint1|2019-09-28T16:42:53.374Z|2019-09-28T16:42:53.374Z|2019-09-30|2019-10-06|active|2490|Descargar estructura y sincronizar|closed
1010|333|1199||Sprint1|2019-09-28T16:42:53.374Z|2019-09-28T16:42:53.374Z|2019-09-30|2019-10-06|active|2489|creacion estructura|closed
1011|336|1216||Sprint4|2019-09-28T16:43:03.429Z|2019-09-28T16:43:03.429Z|2019-11-25|2019-12-01|active|||
1011|336|1215||Sprint3|2019-09-28T16:43:02.223Z|2019-09-28T16:43:02.223Z|2019-11-18|2019-11-24|active|||
1011|336|1214||Sprint2|2019-09-28T16:43:02.016Z|2019-09-28T16:43:02.016Z|2019-11-11|2019-11-17|active|||
1011|336|1213||Sprint1|2019-09-28T16:43:01.490Z|2019-09-28T16:43:01.490Z|2019-11-04|2019-11-10|active|||
1011|335|1212||Sprint5|2019-09-28T16:43:00.479Z|2019-09-28T16:43:00.479Z|2019-10-28|2019-11-03|active|2906|Aplicar funcionalidades extra|closed
1011|335|1212||Sprint5|2019-09-28T16:43:00.479Z|2019-09-28T16:43:00.479Z|2019-10-28|2019-11-03|active|2905|Completar README|opened
1011|335|1212||Sprint5|2019-09-28T16:43:00.479Z|2019-09-28T16:43:00.479Z|2019-10-28|2019-11-03|active|2843|Poder introducir noticias a través de un fichero|closed
1011|335|1212||Sprint5|2019-09-28T16:43:00.479Z|2019-09-28T16:43:00.479Z|2019-10-28|2019-11-03|active|2719|Comunicación entre publicador/subscriptor mediante un canal virtual(topic)|closed
1011|335|1211||Sprint4|2019-09-28T16:43:00.364Z|2019-10-28T09:54:54.342Z|2019-10-21|2019-10-27|closed|2842|Arreglar formato fecha|closed
1011|335|1211||Sprint4|2019-09-28T16:43:00.364Z|2019-10-28T09:54:54.342Z|2019-10-21|2019-10-27|closed|2841|Probar conexión con brokerd|closed
1011|335|1211||Sprint4|2019-09-28T16:43:00.364Z|2019-10-28T09:54:54.342Z|2019-10-21|2019-10-27|closed|2840|Crear método de login y suscripción en el cliente|closed
1011|335|1211||Sprint4|2019-09-28T16:43:00.364Z|2019-10-28T09:54:54.342Z|2019-10-21|2019-10-27|closed|2720|Suscripción al topic|closed
1011|335|1210||Sprint3|2019-09-28T16:42:59.538Z|2019-10-21T10:33:39.685Z|2019-10-14|2019-10-20|closed|2721|Metting 2|closed
1011|335|1210||Sprint3|2019-09-28T16:42:59.538Z|2019-10-21T10:33:39.685Z|2019-10-14|2019-10-20|closed|2718|Crear el objeto noticia con atributos para almacenar la noticia|closed
1011|335|1210||Sprint3|2019-09-28T16:42:59.538Z|2019-10-21T10:33:39.685Z|2019-10-14|2019-10-20|closed|2665|Crear Cliente|closed
1011|335|1209||Sprint2|2019-09-28T16:42:59.405Z|2019-10-18T11:26:26.256Z|2019-10-07|2019-10-13|closed|2664|Crear Gestor|closed
1011|335|1208||Sprint1|2019-09-28T16:42:59.290Z|2019-10-18T11:26:23.745Z|2019-09-30|2019-10-06|closed|||
1012|338|1225||Sprint4|2019-09-28T16:43:08.887Z|2019-09-28T16:43:08.887Z|2019-11-25|2019-12-01|active|||
1012|338|1224||Sprint3|2019-09-28T16:43:08.722Z|2019-09-28T16:43:08.722Z|2019-11-18|2019-11-24|active|||
1012|338|1223||Sprint2|2019-09-28T16:43:08.601Z|2019-09-28T16:43:08.601Z|2019-11-11|2019-11-17|active|||
1012|338|1222||Sprint1|2019-09-28T16:43:08.436Z|2019-09-28T16:43:08.436Z|2019-11-04|2019-11-10|active|||
1012|337|1221||Sprint5|2019-09-28T16:43:06.296Z|2019-09-28T16:43:06.296Z|2019-10-28|2019-11-03|active|3006|Errores en el cliente con la palabra clave|closed
1012|337|1221||Sprint5|2019-09-28T16:43:06.296Z|2019-09-28T16:43:06.296Z|2019-10-28|2019-11-03|active|3004|Errores al hacer que el cliente haga varias consultas|closed
1012|337|1221||Sprint5|2019-09-28T16:43:06.296Z|2019-09-28T16:43:06.296Z|2019-10-28|2019-11-03|active|2999|En gestor no se añade el contenido|closed
1012|337|1221||Sprint5|2019-09-28T16:43:06.296Z|2019-09-28T16:43:06.296Z|2019-10-28|2019-11-03|active|2995|Fallo al hacer que haya varias consultas|closed
1012|337|1221||Sprint5|2019-09-28T16:43:06.296Z|2019-09-28T16:43:06.296Z|2019-10-28|2019-11-03|active|2985|Separacion entre noticias|closed
1012|337|1221||Sprint5|2019-09-28T16:43:06.296Z|2019-09-28T16:43:06.296Z|2019-10-28|2019-11-03|active|2984|Hacer que el cliente pueda salir|closed
1012|337|1221||Sprint5|2019-09-28T16:43:06.296Z|2019-09-28T16:43:06.296Z|2019-10-28|2019-11-03|active|2983|Hacer que el cliente pueda hacer otra consulta|closed
1012|337|1221||Sprint5|2019-09-28T16:43:06.296Z|2019-09-28T16:43:06.296Z|2019-10-28|2019-11-03|active|2963|Poner fecha valida en gestor|closed
1012|337|1221||Sprint5|2019-09-28T16:43:06.296Z|2019-09-28T16:43:06.296Z|2019-10-28|2019-11-03|active|2962|Fallos con el scan|closed
1012|337|1221||Sprint5|2019-09-28T16:43:06.296Z|2019-09-28T16:43:06.296Z|2019-10-28|2019-11-03|active|2961|Creación de testers|closed
1012|337|1221||Sprint5|2019-09-28T16:43:06.296Z|2019-09-28T16:43:06.296Z|2019-10-28|2019-11-03|active|2960|Creación de casos de prueba|closed
1012|337|1221||Sprint5|2019-09-28T16:43:06.296Z|2019-09-28T16:43:06.296Z|2019-10-28|2019-11-03|active|2959|Creacion de ficheros xml|closed
1012|337|1221||Sprint5|2019-09-28T16:43:06.296Z|2019-09-28T16:43:06.296Z|2019-10-28|2019-11-03|active|2957|Quedada para terminar proyecto II|closed
1012|337|1221||Sprint5|2019-09-28T16:43:06.296Z|2019-09-28T16:43:06.296Z|2019-10-28|2019-11-03|active|2956|Cerrar scan del gestor|closed
1012|337|1221||Sprint5|2019-09-28T16:43:06.296Z|2019-09-28T16:43:06.296Z|2019-10-28|2019-11-03|active|2950|Hacer filtros|closed
1012|337|1221||Sprint5|2019-09-28T16:43:06.296Z|2019-09-28T16:43:06.296Z|2019-10-28|2019-11-03|active|2940|Añadir metodo get Fecha|closed
1012|337|1221||Sprint5|2019-09-28T16:43:06.296Z|2019-09-28T16:43:06.296Z|2019-10-28|2019-11-03|active|2939|Terminar el README|closed
1012|337|1221||Sprint5|2019-09-28T16:43:06.296Z|2019-09-28T16:43:06.296Z|2019-10-28|2019-11-03|active|2936|Comprobar que la noticia tiene bien el formato de la fecha|closed
1012|337|1221||Sprint5|2019-09-28T16:43:06.296Z|2019-09-28T16:43:06.296Z|2019-10-28|2019-11-03|active|2935|Comprobar que el cliente mete bien el formato de la fecha|closed
1012|337|1221||Sprint5|2019-09-28T16:43:06.296Z|2019-09-28T16:43:06.296Z|2019-10-28|2019-11-03|active|2934|Hacer conexión del gestor|closed
1012|337|1221||Sprint5|2019-09-28T16:43:06.296Z|2019-09-28T16:43:06.296Z|2019-10-28|2019-11-03|active|2933|Crear clase TextListener|closed
1012|337|1221||Sprint5|2019-09-28T16:43:06.296Z|2019-09-28T16:43:06.296Z|2019-10-28|2019-11-03|active|2932|Cambiar creación del objeto cliente|closed
1012|337|1221||Sprint5|2019-09-28T16:43:06.296Z|2019-09-28T16:43:06.296Z|2019-10-28|2019-11-03|active|2930|Crear cola en cliente|closed
1012|337|1221||Sprint5|2019-09-28T16:43:06.296Z|2019-09-28T16:43:06.296Z|2019-10-28|2019-11-03|active|2929|Quedada para acabar el proyecto|closed
1012|337|1220||Sprint4|2019-09-28T16:43:06.182Z|2019-09-28T16:43:06.182Z|2019-10-21|2019-10-27|active|||
1012|337|1219|Corrección de bugs, optimizaciones y diseño de JMS|Sprint3|2019-09-28T16:43:06.053Z|2019-10-20T19:24:04.295Z|2019-10-14|2019-10-20|active|2791|Todas las opciones se seleccionan por numero|closed
1012|337|1219|Corrección de bugs, optimizaciones y diseño de JMS|Sprint3|2019-09-28T16:43:06.053Z|2019-10-20T19:24:04.295Z|2019-10-14|2019-10-20|active|2790|Cambio los if por switch|closed
1012|337|1219|Corrección de bugs, optimizaciones y diseño de JMS|Sprint3|2019-09-28T16:43:06.053Z|2019-10-20T19:24:04.295Z|2019-10-14|2019-10-20|active|2789|Recursión posibilita desbordamiento de pila|closed
1012|337|1219|Corrección de bugs, optimizaciones y diseño de JMS|Sprint3|2019-09-28T16:43:06.053Z|2019-10-20T19:24:04.295Z|2019-10-14|2019-10-20|active|2788|Funcionamiento incorrecto de scanner en interfaz cliente|closed
1012|337|1219|Corrección de bugs, optimizaciones y diseño de JMS|Sprint3|2019-09-28T16:43:06.053Z|2019-10-20T19:24:04.295Z|2019-10-14|2019-10-20|active|2757|"En el cliente, las opciones deben ser seleccionadas por número, no hay que escribir ""temática"" o ""palabra clave"""|closed
1012|337|1219|Corrección de bugs, optimizaciones y diseño de JMS|Sprint3|2019-09-28T16:43:06.053Z|2019-10-20T19:24:04.295Z|2019-10-14|2019-10-20|active|2756|La opción entre insertar noticia por pantalla o por fichero debe elegirse|closed
1012|337|1219|Corrección de bugs, optimizaciones y diseño de JMS|Sprint3|2019-09-28T16:43:06.053Z|2019-10-20T19:24:04.295Z|2019-10-14|2019-10-20|active|2754|Gestor puede introducir varias noticias desde un solo fichero de texto|closed
1012|337|1218|Interfaz del cliente y del gestor.|Sprint2|2019-09-28T16:43:05.623Z|2019-10-20T19:23:38.208Z|2019-10-07|2019-10-13|active|2625|Insertar noticias por fichero|closed
1012|337|1218|Interfaz del cliente y del gestor.|Sprint2|2019-09-28T16:43:05.623Z|2019-10-20T19:23:38.208Z|2019-10-07|2019-10-13|active|2624|Insertar noticias por pantalla|closed
1012|337|1218|Interfaz del cliente y del gestor.|Sprint2|2019-09-28T16:43:05.623Z|2019-10-20T19:23:38.208Z|2019-10-07|2019-10-13|active|2623|Interfaz gestor|closed
1012|337|1218|Interfaz del cliente y del gestor.|Sprint2|2019-09-28T16:43:05.623Z|2019-10-20T19:23:38.208Z|2019-10-07|2019-10-13|active|2622|Consulta de noticias|closed
1012|337|1218|Interfaz del cliente y del gestor.|Sprint2|2019-09-28T16:43:05.623Z|2019-10-20T19:23:38.208Z|2019-10-07|2019-10-13|active|2621|El tipo de suscripcion puede ser Free o Premium|closed
1012|337|1218|Interfaz del cliente y del gestor.|Sprint2|2019-09-28T16:43:05.623Z|2019-10-20T19:23:38.208Z|2019-10-07|2019-10-13|active|2620|Log-in|closed
1012|337|1218|Interfaz del cliente y del gestor.|Sprint2|2019-09-28T16:43:05.623Z|2019-10-20T19:23:38.208Z|2019-10-07|2019-10-13|active|2619|Interfaz Cliente|closed
1012|337|1218|Interfaz del cliente y del gestor.|Sprint2|2019-09-28T16:43:05.623Z|2019-10-20T19:23:38.208Z|2019-10-07|2019-10-13|active|2618|Contenido de la noticia|closed
1012|337|1218|Interfaz del cliente y del gestor.|Sprint2|2019-09-28T16:43:05.623Z|2019-10-20T19:23:38.208Z|2019-10-07|2019-10-13|active|2617|Palabra Clave|closed
1012|337|1218|Interfaz del cliente y del gestor.|Sprint2|2019-09-28T16:43:05.623Z|2019-10-20T19:23:38.208Z|2019-10-07|2019-10-13|active|2616|Fecha|closed
1012|337|1218|Interfaz del cliente y del gestor.|Sprint2|2019-09-28T16:43:05.623Z|2019-10-20T19:23:38.208Z|2019-10-07|2019-10-13|active|2615|Titulo|closed
1012|337|1218|Interfaz del cliente y del gestor.|Sprint2|2019-09-28T16:43:05.623Z|2019-10-20T19:23:38.208Z|2019-10-07|2019-10-13|active|2614|Objeto Noticia|closed
1012|337|1217|Diseño de la estructura básica del proyecto|Sprint1|2019-09-28T16:43:05.411Z|2019-10-20T19:22:48.201Z|2019-09-30|2019-10-06|active|2512|Primera estructura del codigo|closed
1012|337|1217|Diseño de la estructura básica del proyecto|Sprint1|2019-09-28T16:43:05.411Z|2019-10-20T19:22:48.201Z|2019-09-30|2019-10-06|active|2471|Planificación del inicio del proyecto|closed
1013|340|1234||Sprint4|2019-09-28T16:43:14.799Z|2019-09-28T16:43:14.799Z|2019-11-25|2019-12-01|active|||
1013|340|1233||Sprint3|2019-09-28T16:43:14.688Z|2019-09-28T16:43:14.688Z|2019-11-18|2019-11-24|active|||
1013|340|1232||Sprint2|2019-09-28T16:43:14.570Z|2019-09-28T16:43:14.570Z|2019-11-11|2019-11-17|active|||
1013|340|1231||Sprint1|2019-09-28T16:43:14.417Z|2019-09-28T16:43:14.417Z|2019-11-04|2019-11-10|active|||
1013|339|1230||Sprint5|2019-09-28T16:43:12.026Z|2019-09-28T16:43:12.026Z|2019-10-28|2019-11-03|active|2974|UserStory: CrearCliente.peticionFiltros|closed
1013|339|1230||Sprint5|2019-09-28T16:43:12.026Z|2019-09-28T16:43:12.026Z|2019-10-28|2019-11-03|active|2972|UserStory: CrearCliente.login|closed
1013|339|1230||Sprint5|2019-09-28T16:43:12.026Z|2019-09-28T16:43:12.026Z|2019-10-28|2019-11-03|active|2958|Bug: Selector de Fecha|closed
1013|339|1230||Sprint5|2019-09-28T16:43:12.026Z|2019-09-28T16:43:12.026Z|2019-10-28|2019-11-03|active|2952|Bug: Filtro Tema|closed
1013|339|1229||Sprint4|2019-09-28T16:43:11.899Z|2019-09-28T16:43:11.899Z|2019-10-21|2019-10-27|active|2895|Meeting|closed
1013|339|1229||Sprint4|2019-09-28T16:43:11.899Z|2019-09-28T16:43:11.899Z|2019-10-21|2019-10-27|active|2894|UserStory: Petición de filtros|closed
1013|339|1229||Sprint4|2019-09-28T16:43:11.899Z|2019-09-28T16:43:11.899Z|2019-10-21|2019-10-27|active|2893|userStory: Login|closed
1013|339|1229||Sprint4|2019-09-28T16:43:11.899Z|2019-09-28T16:43:11.899Z|2019-10-21|2019-10-27|active|2891|Bug: Selector al crear un consumidor|closed
1013|339|1229||Sprint4|2019-09-28T16:43:11.899Z|2019-09-28T16:43:11.899Z|2019-10-21|2019-10-27|active|2890|Bug: Comparación de fechas|closed
1013|339|1229||Sprint4|2019-09-28T16:43:11.899Z|2019-09-28T16:43:11.899Z|2019-10-21|2019-10-27|active|2866|Bug: Acepta noticias sin rellenar todos los campos obligatorios|closed
1013|339|1229||Sprint4|2019-09-28T16:43:11.899Z|2019-09-28T16:43:11.899Z|2019-10-21|2019-10-27|active|2865|LeerNoticiasFichero|closed
1013|339|1229||Sprint4|2019-09-28T16:43:11.899Z|2019-09-28T16:43:11.899Z|2019-10-21|2019-10-27|active|2776|UserStory: CrearCliente.NoticiasFiltradas|closed
1013|339|1229||Sprint4|2019-09-28T16:43:11.899Z|2019-09-28T16:43:11.899Z|2019-10-21|2019-10-27|active|2775|UserStory: CrearCliente.noticiasTotales|closed
1013|339|1229||Sprint4|2019-09-28T16:43:11.899Z|2019-09-28T16:43:11.899Z|2019-10-21|2019-10-27|active|2774|Feature: CrearCliente|closed
1013|339|1229||Sprint4|2019-09-28T16:43:11.899Z|2019-09-28T16:43:11.899Z|2019-10-21|2019-10-27|active|2773|UserStory: ObtenerNoticias.fecha|closed
1013|339|1229||Sprint4|2019-09-28T16:43:11.899Z|2019-09-28T16:43:11.899Z|2019-10-21|2019-10-27|active|2771|UserStory: obtenerNoticias.keyWord|closed
1013|339|1229||Sprint4|2019-09-28T16:43:11.899Z|2019-09-28T16:43:11.899Z|2019-10-21|2019-10-27|active|2770|UserStory: obtenerNoticias.tematica|closed
1013|339|1229||Sprint4|2019-09-28T16:43:11.899Z|2019-09-28T16:43:11.899Z|2019-10-21|2019-10-27|active|2769|Feature: ObtenerNoticia|closed
1013|339|1228||Sprint3|2019-09-28T16:43:11.759Z|2019-09-28T16:43:11.759Z|2019-10-14|2019-10-20|active|2780|Bug: Filtro por fecha al crear el cliente|closed
1013|339|1228||Sprint3|2019-09-28T16:43:11.759Z|2019-09-28T16:43:11.759Z|2019-10-14|2019-10-20|active|2779|Bug: Cambio de nombre en las clases|closed
1013|339|1228||Sprint3|2019-09-28T16:43:11.759Z|2019-09-28T16:43:11.759Z|2019-10-14|2019-10-20|active|2778|Bug: Propiedad Fecha|closed
1013|339|1228||Sprint3|2019-09-28T16:43:11.759Z|2019-09-28T16:43:11.759Z|2019-10-14|2019-10-20|active|2777|Bug: Petición de fecha|closed
1013|339|1228||Sprint3|2019-09-28T16:43:11.759Z|2019-09-28T16:43:11.759Z|2019-10-14|2019-10-20|active|2706|UserStory: ConfigurarGestor.topic|closed
1013|339|1228||Sprint3|2019-09-28T16:43:11.759Z|2019-09-28T16:43:11.759Z|2019-10-14|2019-10-20|active|2705|Feature: ConfigurarGestor|closed
1013|339|1228||Sprint3|2019-09-28T16:43:11.759Z|2019-09-28T16:43:11.759Z|2019-10-14|2019-10-20|active|2704|UserStory: EstructurarNoticias.contenido|closed
1013|339|1228||Sprint3|2019-09-28T16:43:11.759Z|2019-09-28T16:43:11.759Z|2019-10-14|2019-10-20|active|2703|UserStory: EstructurarNoticias.keyWord|closed
1013|339|1228||Sprint3|2019-09-28T16:43:11.759Z|2019-09-28T16:43:11.759Z|2019-10-14|2019-10-20|active|2702|UserStory: EstructurarNoticias.fecha|closed
1013|339|1228||Sprint3|2019-09-28T16:43:11.759Z|2019-09-28T16:43:11.759Z|2019-10-14|2019-10-20|active|2701|UserStory: EstructurarNoticias.titulo|closed
1013|339|1228||Sprint3|2019-09-28T16:43:11.759Z|2019-09-28T16:43:11.759Z|2019-10-14|2019-10-20|active|2700|Feature: EstructurarNoticias|closed
1013|339|1228||Sprint3|2019-09-28T16:43:11.759Z|2019-09-28T16:43:11.759Z|2019-10-14|2019-10-20|active|2698|Meetings|closed
1013|339|1228||Sprint3|2019-09-28T16:43:11.759Z|2019-09-28T16:43:11.759Z|2019-10-14|2019-10-20|active|2584|UserStory: PublicarNotas.unicaNoticia|closed
1013|339|1227||Sprint2|2019-09-28T16:43:11.638Z|2019-09-28T16:43:11.638Z|2019-10-07|2019-10-13|active|2585|UserStory: PublicarNoticias.variasNoticias|closed
1013|339|1227||Sprint2|2019-09-28T16:43:11.638Z|2019-09-28T16:43:11.638Z|2019-10-07|2019-10-13|active|2583|Feature: PublicarNoticias|closed
1013|339|1227||Sprint2|2019-09-28T16:43:11.638Z|2019-09-28T16:43:11.638Z|2019-10-07|2019-10-13|active|2582|UserStory: ModificarReadMe.actualización|closed
1013|339|1227||Sprint2|2019-09-28T16:43:11.638Z|2019-09-28T16:43:11.638Z|2019-10-07|2019-10-13|active|2581|Feature: ModificarReadMe|closed
1013|339|1226||Sprint1|2019-09-28T16:43:11.511Z|2019-09-28T16:43:11.511Z|2019-09-30|2019-10-06|active|||
1014|342|1243||Sprint4|2019-09-28T16:43:19.861Z|2019-09-28T16:43:19.861Z|2019-11-25|2019-12-01|active|||
1014|342|1242||Sprint3|2019-09-28T16:43:19.739Z|2019-09-28T16:43:19.739Z|2019-11-18|2019-11-24|active|||
1014|342|1241||Sprint2|2019-09-28T16:43:19.605Z|2019-09-28T16:43:19.605Z|2019-11-11|2019-11-17|active|||
1014|342|1240||Sprint1|2019-09-28T16:43:19.448Z|2019-09-28T16:43:19.448Z|2019-11-04|2019-11-10|active|||
1014|341|1239||Sprint5|2019-09-28T16:43:17.980Z|2019-11-03T11:42:12.422Z|2019-10-28|2019-11-03|closed|2992|Documentar proyecto|closed
1014|341|1239||Sprint5|2019-09-28T16:43:17.980Z|2019-11-03T11:42:12.422Z|2019-10-28|2019-11-03|closed|2951|Reunión final sprint 5|closed
1014|341|1239||Sprint5|2019-09-28T16:43:17.980Z|2019-11-03T11:42:12.422Z|2019-10-28|2019-11-03|closed|2916|US: Servidor CrearNoticiaTerminal|closed
1014|341|1239||Sprint5|2019-09-28T16:43:17.980Z|2019-11-03T11:42:12.422Z|2019-10-28|2019-11-03|closed|2868|US: CrearObjetosJSON|closed
1014|341|1239||Sprint5|2019-09-28T16:43:17.980Z|2019-11-03T11:42:12.422Z|2019-10-28|2019-11-03|closed|2504|US: Gestor FiltrarNoticias.filtrarFecha|closed
1014|341|1239||Sprint5|2019-09-28T16:43:17.980Z|2019-11-03T11:42:12.422Z|2019-10-28|2019-11-03|closed|2503|US: Gestor FiltrarNoticias.filtrarPalabraClave|closed
1014|341|1239||Sprint5|2019-09-28T16:43:17.980Z|2019-11-03T11:42:12.422Z|2019-10-28|2019-11-03|closed|2498|US: Cliente ConsultarNoticias.filtrarFechaReq|closed
1014|341|1239||Sprint5|2019-09-28T16:43:17.980Z|2019-11-03T11:42:12.422Z|2019-10-28|2019-11-03|closed|2497|US: Cliente ConsultarNoticias.filtrarPalabraClaveReq|closed
1014|341|1239||Sprint5|2019-09-28T16:43:17.980Z|2019-11-03T11:42:12.422Z|2019-10-28|2019-11-03|closed|2459|Feature: Gestor Subscripciones|closed
1014|341|1239||Sprint5|2019-09-28T16:43:17.980Z|2019-11-03T11:42:12.422Z|2019-10-28|2019-11-03|closed|2458|Feature: Gestor ManejarClientes|closed
1014|341|1239||Sprint5|2019-09-28T16:43:17.980Z|2019-11-03T11:42:12.422Z|2019-10-28|2019-11-03|closed|2457|Feature: Gestor FiltrarNoticias|closed
1014|341|1239||Sprint5|2019-09-28T16:43:17.980Z|2019-11-03T11:42:12.422Z|2019-10-28|2019-11-03|closed|2456|Feature: Gestor CrearNoticia|closed
1014|341|1239||Sprint5|2019-09-28T16:43:17.980Z|2019-11-03T11:42:12.422Z|2019-10-28|2019-11-03|closed|2455|Feature: Cliente Logout|closed
1014|341|1239||Sprint5|2019-09-28T16:43:17.980Z|2019-11-03T11:42:12.422Z|2019-10-28|2019-11-03|closed|2454|Feature: Cliente ConsultarNoticias|closed
1014|341|1239||Sprint5|2019-09-28T16:43:17.980Z|2019-11-03T11:42:12.422Z|2019-10-28|2019-11-03|closed|2453|Feature: Cliente Login|closed
1014|341|1238||Sprint4|2019-09-28T16:43:17.817Z|2019-10-27T18:37:43.876Z|2019-10-21|2019-10-27|closed|2869|Reunión final sprint 4|closed
1014|341|1238||Sprint4|2019-09-28T16:43:17.817Z|2019-10-27T18:37:43.876Z|2019-10-21|2019-10-27|closed|2661|crear cuerpo programa cliente|closed
1014|341|1238||Sprint4|2019-09-28T16:43:17.817Z|2019-10-27T18:37:43.876Z|2019-10-21|2019-10-27|closed|2506|US: Gestor Suscripciones.manejarSuscripciones|closed
1014|341|1238||Sprint4|2019-09-28T16:43:17.817Z|2019-10-27T18:37:43.876Z|2019-10-21|2019-10-27|closed|2505|US: Gestor ManejarClientes.controlUsuarios|closed
1014|341|1238||Sprint4|2019-09-28T16:43:17.817Z|2019-10-27T18:37:43.876Z|2019-10-21|2019-10-27|closed|2502|US: Gestor FiltrarNoticias.filtrarTematica|closed
1014|341|1238||Sprint4|2019-09-28T16:43:17.817Z|2019-10-27T18:37:43.876Z|2019-10-21|2019-10-27|closed|2501|US: Gestor CrearNoticia.crearNoticiaArchivos|closed
1014|341|1238||Sprint4|2019-09-28T16:43:17.817Z|2019-10-27T18:37:43.876Z|2019-10-21|2019-10-27|closed|2500|US: Gestor CrearNoticia.crearNoticia|closed
1014|341|1238||Sprint4|2019-09-28T16:43:17.817Z|2019-10-27T18:37:43.876Z|2019-10-21|2019-10-27|closed|2499|US: Cliente Logout.logoutUsuario|closed
1014|341|1238||Sprint4|2019-09-28T16:43:17.817Z|2019-10-27T18:37:43.876Z|2019-10-21|2019-10-27|closed|2494|US: Cliente ConsultarNoticias.filtrarTematicaReq|closed
1014|341|1238||Sprint4|2019-09-28T16:43:17.817Z|2019-10-27T18:37:43.876Z|2019-10-21|2019-10-27|closed|2493|US: Cliente Login.loginUsuario|closed
1014|341|1237||Sprint3|2019-09-28T16:43:17.690Z|2019-10-20T13:21:46.934Z|2019-10-14|2019-10-20|closed|2794|Cuerpo del programa servidor|closed
1014|341|1237||Sprint3|2019-09-28T16:43:17.690Z|2019-10-20T13:21:46.934Z|2019-10-14|2019-10-20|closed|2786|Reunion de final de sprint 3|closed
1014|341|1236||Sprint2|2019-09-28T16:43:17.580Z|2019-10-15T09:29:13.085Z|2019-10-07|2019-10-13|closed|2660|Reunión de avances|closed
1014|341|1235||Sprint1|2019-09-28T16:43:17.460Z|2019-10-06T15:54:35.353Z|2019-09-30|2019-10-06|closed|2511|Reunión de planificación del Sprint 2|closed
1014|341|1235||Sprint1|2019-09-28T16:43:17.460Z|2019-10-06T15:54:35.353Z|2019-09-30|2019-10-06|closed|2425|Reunión de planificación|closed
1015|344|1252||Sprint4|2019-09-28T16:43:26.722Z|2019-09-28T16:43:26.722Z|2019-11-25|2019-12-01|active|||
1015|344|1251||Sprint3|2019-09-28T16:43:26.584Z|2019-09-28T16:43:26.584Z|2019-11-18|2019-11-24|active|||
1015|344|1250||Sprint2|2019-09-28T16:43:26.388Z|2019-09-28T16:43:26.388Z|2019-11-11|2019-11-17|active|||
1015|344|1249||Sprint1|2019-09-28T16:43:24.452Z|2019-09-28T16:43:24.452Z|2019-11-04|2019-11-10|active|||
1015|343|1248||Sprint5|2019-09-28T16:43:22.079Z|2019-09-28T16:43:22.079Z|2019-10-28|2019-11-03|active|2979|Mejora de CustomDate|closed
1015|343|1248||Sprint5|2019-09-28T16:43:22.079Z|2019-09-28T16:43:22.079Z|2019-10-28|2019-11-03|active|2978|"Cleanup: remove ""lib"""|closed
1015|343|1248||Sprint5|2019-09-28T16:43:22.079Z|2019-09-28T16:43:22.079Z|2019-10-28|2019-11-03|active|2976|Bad Imports|closed
1015|343|1248||Sprint5|2019-09-28T16:43:22.079Z|2019-09-28T16:43:22.079Z|2019-10-28|2019-11-03|active|2973|Creacion de Ejemplos de Noticias via Ficheros|closed
1015|343|1248||Sprint5|2019-09-28T16:43:22.079Z|2019-09-28T16:43:22.079Z|2019-10-28|2019-11-03|active|2971|Sustitucion del Sistema JSON por CSV.|closed
1015|343|1248||Sprint5|2019-09-28T16:43:22.079Z|2019-09-28T16:43:22.079Z|2019-10-28|2019-11-03|active|2970|Creacion de Tests JUNIT|closed
1015|343|1248||Sprint5|2019-09-28T16:43:22.079Z|2019-09-28T16:43:22.079Z|2019-10-28|2019-11-03|active|2969|Realizar labores de Conexion Cliente->Gestor|closed
1015|343|1248||Sprint5|2019-09-28T16:43:22.079Z|2019-09-28T16:43:22.079Z|2019-10-28|2019-11-03|active|2968|Realiazar labores de Conexion Gestor->Cliente|closed
1015|343|1248||Sprint5|2019-09-28T16:43:22.079Z|2019-09-28T16:43:22.079Z|2019-10-28|2019-11-03|active|2967|Completar Readme|closed
1015|343|1247||Sprint4|2019-09-28T16:43:21.929Z|2019-09-28T16:43:21.929Z|2019-10-21|2019-10-27|active|2889|Relative Paths not behaving properly|closed
1015|343|1247||Sprint4|2019-09-28T16:43:21.929Z|2019-09-28T16:43:21.929Z|2019-10-21|2019-10-27|active|2888|Discusion acerca de la estructura de la informacion almacenada|closed
1015|343|1247||Sprint4|2019-09-28T16:43:21.929Z|2019-09-28T16:43:21.929Z|2019-10-21|2019-10-27|active|2887|Date Object not behaving as it should|closed
1015|343|1246||Sprint3|2019-09-28T16:43:21.814Z|2019-09-28T16:43:21.814Z|2019-10-14|2019-10-20|active|2795|Cosas innecesarias en Cliente|closed
1015|343|1246||Sprint3|2019-09-28T16:43:21.814Z|2019-09-28T16:43:21.814Z|2019-10-14|2019-10-20|active|2781|Estructura de Datos para el Cliente|closed
1015|343|1246||Sprint3|2019-09-28T16:43:21.814Z|2019-09-28T16:43:21.814Z|2019-10-14|2019-10-20|active|2772|No Eclipse Metadata Available|closed
1015|343|1246||Sprint3|2019-09-28T16:43:21.814Z|2019-09-28T16:43:21.814Z|2019-10-14|2019-10-20|active|2751|Arreglar bug en script de instalación de MQ|closed
1015|343|1246||Sprint3|2019-09-28T16:43:21.814Z|2019-09-28T16:43:21.814Z|2019-10-14|2019-10-20|active|2729|Script de Instalación de MQ|closed
1015|343|1246||Sprint3|2019-09-28T16:43:21.814Z|2019-09-28T16:43:21.814Z|2019-10-14|2019-10-20|active|2727|Script de Configuración|closed
1015|343|1246||Sprint3|2019-09-28T16:43:21.814Z|2019-09-28T16:43:21.814Z|2019-10-14|2019-10-20|active|2697|Discusion acerca de Sistema de Testing|closed
1015|343|1246||Sprint3|2019-09-28T16:43:21.814Z|2019-09-28T16:43:21.814Z|2019-10-14|2019-10-20|active|2696|Discusión acerca del Sistema de Login|closed
1015|343|1246||Sprint3|2019-09-28T16:43:21.814Z|2019-09-28T16:43:21.814Z|2019-10-14|2019-10-20|active|2695|Implementación de las Funcionalidades Básicas del Cliente: Sistema de Login|closed
1015|343|1246||Sprint3|2019-09-28T16:43:21.814Z|2019-09-28T16:43:21.814Z|2019-10-14|2019-10-20|active|2694|Implementación de las Funcionalidades Básicas del Cliente: Recepción de Noticias del Gestor|closed
1015|343|1246||Sprint3|2019-09-28T16:43:21.814Z|2019-09-28T16:43:21.814Z|2019-10-14|2019-10-20|active|2693|Implementación de las Funcionalidades Básicas del Cliente: Interfaz de Usuario via Terminal.|closed
1015|343|1246||Sprint3|2019-09-28T16:43:21.814Z|2019-09-28T16:43:21.814Z|2019-10-14|2019-10-20|active|2692|Implementación de las Funcionalidades Básicas del Gestor: Interfaz de Usuario via Terminal|closed
1015|343|1246||Sprint3|2019-09-28T16:43:21.814Z|2019-09-28T16:43:21.814Z|2019-10-14|2019-10-20|active|2691|Discusión acerca del Sistema de Ficheros a utilizar.|closed
1015|343|1246||Sprint3|2019-09-28T16:43:21.814Z|2019-09-28T16:43:21.814Z|2019-10-14|2019-10-20|active|2690|Implementación de las Funcionalidades Básicas del Gestor: Obtención de Noticias a partir de Un Fichero.|closed
1015|343|1246||Sprint3|2019-09-28T16:43:21.814Z|2019-09-28T16:43:21.814Z|2019-10-14|2019-10-20|active|2689|Implementación de las Funcionalidades Básicas del Gestor: Obtención de Noticias a partir de Pantalla|closed
1015|343|1246||Sprint3|2019-09-28T16:43:21.814Z|2019-09-28T16:43:21.814Z|2019-10-14|2019-10-20|active|2688|"Definición e Implementación de la Estructura de Datos ""Noticia"""|closed
1015|343|1246||Sprint3|2019-09-28T16:43:21.814Z|2019-09-28T16:43:21.814Z|2019-10-14|2019-10-20|active|2687|Esqueleto Basico de la Practica|closed
1015|343|1245||Sprint2|2019-09-28T16:43:21.701Z|2019-09-28T16:43:21.701Z|2019-10-07|2019-10-13|active|||
1015|343|1244||Sprint1|2019-09-28T16:43:21.544Z|2019-09-28T16:43:21.544Z|2019-09-30|2019-10-06|active|2477|Project Organization meeting|closed
1016|346|1261||Sprint4|2019-09-28T16:43:30.855Z|2019-09-28T16:43:30.855Z|2019-11-25|2019-12-01|active|||
1016|346|1260||Sprint3|2019-09-28T16:43:30.743Z|2019-09-28T16:43:30.743Z|2019-11-18|2019-11-24|active|||
1016|346|1259||Sprint2|2019-09-28T16:43:30.627Z|2019-09-28T16:43:30.627Z|2019-11-11|2019-11-17|active|||
1016|346|1258||Sprint1|2019-09-28T16:43:30.506Z|2019-09-28T16:43:30.506Z|2019-11-04|2019-11-10|active|||
1016|345|1257||Sprint5|2019-09-28T16:43:28.329Z|2019-09-28T16:43:28.329Z|2019-10-28|2019-11-03|active|3016|Meeting 9|closed
1016|345|1257||Sprint5|2019-09-28T16:43:28.329Z|2019-09-28T16:43:28.329Z|2019-10-28|2019-11-03|active|2988|Readme|closed
1016|345|1257||Sprint5|2019-09-28T16:43:28.329Z|2019-09-28T16:43:28.329Z|2019-10-28|2019-11-03|active|2987|Consumidor|closed
1016|345|1257||Sprint5|2019-09-28T16:43:28.329Z|2019-09-28T16:43:28.329Z|2019-10-28|2019-11-03|active|2986|Meeting 8|closed
1016|345|1257||Sprint5|2019-09-28T16:43:28.329Z|2019-09-28T16:43:28.329Z|2019-10-28|2019-11-03|active|2949|Meeting 7|closed
1016|345|1257||Sprint5|2019-09-28T16:43:28.329Z|2019-09-28T16:43:28.329Z|2019-10-28|2019-11-03|active|2941|Meeting 6|closed
1016|345|1257||Sprint5|2019-09-28T16:43:28.329Z|2019-09-28T16:43:28.329Z|2019-10-28|2019-11-03|active|2877|Adaptar filtroTematica|closed
1016|345|1257||Sprint5|2019-09-28T16:43:28.329Z|2019-09-28T16:43:28.329Z|2019-10-28|2019-11-03|active|2875|Crear consumidores|closed
1016|345|1257||Sprint5|2019-09-28T16:43:28.329Z|2019-09-28T16:43:28.329Z|2019-10-28|2019-11-03|active|2785|crearGestor.core|closed
1016|345|1257||Sprint5|2019-09-28T16:43:28.329Z|2019-09-28T16:43:28.329Z|2019-10-28|2019-11-03|active|2784|loginCliente.tipoSuscripción_update|closed
1016|345|1257||Sprint5|2019-09-28T16:43:28.329Z|2019-09-28T16:43:28.329Z|2019-10-28|2019-11-03|active|2649|consultarNoticias.crearFiltroFecha|closed
1016|345|1257||Sprint5|2019-09-28T16:43:28.329Z|2019-09-28T16:43:28.329Z|2019-10-28|2019-11-03|active|2647|consultarNoticias.crearFiltroTemática|closed
1016|345|1256||Sprint4|2019-09-28T16:43:28.168Z|2019-09-28T16:43:28.168Z|2019-10-21|2019-10-27|active|2876|Adaptar filtroPalabraClave|closed
1016|345|1256||Sprint4|2019-09-28T16:43:28.168Z|2019-09-28T16:43:28.168Z|2019-10-21|2019-10-27|active|2874|Reestructuración proyecto|closed
1016|345|1256||Sprint4|2019-09-28T16:43:28.168Z|2019-09-28T16:43:28.168Z|2019-10-21|2019-10-27|active|2870|Meeting 5|closed
1016|345|1256||Sprint4|2019-09-28T16:43:28.168Z|2019-09-28T16:43:28.168Z|2019-10-21|2019-10-27|active|2846|Meeting 4|closed
1016|345|1256||Sprint4|2019-09-28T16:43:28.168Z|2019-09-28T16:43:28.168Z|2019-10-21|2019-10-27|active|2713|auxiliar.java|closed
1016|345|1256||Sprint4|2019-09-28T16:43:28.168Z|2019-09-28T16:43:28.168Z|2019-10-21|2019-10-27|active|2648|consultarNoticias.crearFiltroPalabraClave|closed
1016|345|1256||Sprint4|2019-09-28T16:43:28.168Z|2019-09-28T16:43:28.168Z|2019-10-21|2019-10-27|active|2644|loginCliente.tipoSuscripción|closed
1016|345|1255||Sprint3|2019-09-28T16:43:28.028Z|2019-09-28T16:43:28.028Z|2019-10-14|2019-10-20|active|2783|Meeting 3|closed
1016|345|1255||Sprint3|2019-09-28T16:43:28.028Z|2019-09-28T16:43:28.028Z|2019-10-14|2019-10-20|active|2707|Mover proyecto|closed
1016|345|1255||Sprint3|2019-09-28T16:43:28.028Z|2019-09-28T16:43:28.028Z|2019-10-14|2019-10-20|active|2645|Corrección clase Gestor|closed
1016|345|1255||Sprint3|2019-09-28T16:43:28.028Z|2019-09-28T16:43:28.028Z|2019-10-14|2019-10-20|active|2643|loginCliente.home|closed
1016|345|1254||Sprint2|2019-09-28T16:43:27.603Z|2019-09-28T16:43:27.603Z|2019-10-07|2019-10-13|active|2646|Reorganización del repositorio|closed
1016|345|1254||Sprint2|2019-09-28T16:43:27.603Z|2019-09-28T16:43:27.603Z|2019-10-07|2019-10-13|active|2642|Meeting 2|closed
1016|345|1253||Sprint1|2019-09-28T16:43:27.465Z|2019-09-28T16:43:27.465Z|2019-09-30|2019-10-06|active|2470|Crear clase Noticia|closed
1016|345|1253||Sprint1|2019-09-28T16:43:27.465Z|2019-09-28T16:43:27.465Z|2019-09-30|2019-10-06|active|2469|Crear clase Cliente|closed
1016|345|1253||Sprint1|2019-09-28T16:43:27.465Z|2019-09-28T16:43:27.465Z|2019-09-30|2019-10-06|active|2468|Crear clase Gestor|closed
1016|345|1253||Sprint1|2019-09-28T16:43:27.465Z|2019-09-28T16:43:27.465Z|2019-09-30|2019-10-06|active|2461|Preparar el entorno para la práctica de JMS|closed
1016|345|1253||Sprint1|2019-09-28T16:43:27.465Z|2019-09-28T16:43:27.465Z|2019-09-30|2019-10-06|active|2460|Meeting_1|closed
